qimei36,exp_id,pg_article_id,start_article_id,is_imgtext_detail_rcmd,chl_id
06a12315ab39ba30fe8ddfe3100013615709,8406963,20220618A09V9K00,20220620V03T2800,1,news_news_top
06a12315ab39ba30fe8ddfe3100013615709,8406963,20220618A09V9K00,20220620V03T2800,1,news_news_top
06a12315ab39ba30fe8ddfe3100013615709,8406963,20220618A09V9K00,20220620V03T2800,1,news_news_top
06a12315ab39ba30fe8ddfe3100013615709,8406963,20220618A09V9K00,20220620V03T2800,1,news_news_top
06a12315ab39ba30fe8ddfe3100013615709,8406963,20220618A09V9K00,20220620V03T2800,1,news_news_top
06a12315ab39ba30fe8ddfe3100013615709,8406963,20220618A09V9K00,20220620V03T2800,1,news_news_top
0b239a85365a6d7d061aa750100016714b07,8406963,20220618A08YMK00,20220619V060NM00,1,news_news_top
0b239a85365a6d7d061aa750100016714b07,8406963,20220618A0186I00,20220619V060NM00,1,news_news_top
0b239a85365a6d7d061aa750100016714b07,8406963,20220616A0072P00,20220619V060NM00,1,news_news_top
0b239a85365a6d7d061aa750100016714b07,8406963,20220618A0186I00,20220619V060NM00,1,news_news_top
0b239a85365a6d7d061aa750100016714b07,8406963,20220610A02KF300,20220619V060NM00,1,news_news_top
0b239a85365a6d7d061aa750100016714b07,8406963,20220614A0726900,20220619V060NM00,1,news_news_top
0b239a85365a6d7d061aa750100016714b07,8406963,20220618A0186I00,20220619V060NM00,1,news_news_top
0b239a85365a6d7d061aa750100016714b07,8406963,20220619A02NC300,20220619V060NM00,1,news_news_top
0b239a85365a6d7d061aa750100016714b07,8406963,20220618A0186I00,20220619V060NM00,1,news_news_top
0b239a85365a6d7d061aa750100016714b07,8406963,20220619A07NY300,20220619V060NM00,1,news_news_top
0b239a85365a6d7d061aa750100016714b07,8406963,20220617A0CKG200,20220619V060NM00,1,news_news_top
0b239a85365a6d7d061aa750100016714b07,8406963,20220615A06R5F00,20220619V060NM00,1,news_news_top
0b239a85365a6d7d061aa750100016714b07,8406963,20220621A02ZB700,20220619V060NM00,1,news_news_top
0b239a85365a6d7d061aa750100016714b07,8406963,20220612A0801S00,20220619V060NM00,1,news_news_top
0b239a85365a6d7d061aa750100016714b07,8406963,20220619A02NC300,20220619V060NM00,1,news_news_top
0b239a85365a6d7d061aa750100016714b07,8406963,20220621A02ZB700,20220619V060NM00,1,news_news_top
0b239a85365a6d7d061aa750100016714b07,8406963,20220609A0BBZ000,20220619V060NM00,1,news_news_top
0b239a85365a6d7d061aa750100016714b07,8406963,20220618A0186I00,20220619V060NM00,1,news_news_top
0b239a85365a6d7d061aa750100016714b07,8406963,20220618A08YMK00,20220619V060NM00,1,news_news_top
0b239a85365a6d7d061aa750100016714b07,8406963,20220619A07NY300,20220619V060NM00,1,news_news_top
0b239a85365a6d7d061aa750100016714b07,8406963,20220619A07NY300,20220619V060NM00,1,news_news_top
0b239a85365a6d7d061aa750100016714b07,8406963,20220618A08YMK00,20220619V060NM00,1,news_news_top
0b239a85365a6d7d061aa750100016714b07,8406963,20220612A0801S00,20220619V060NM00,1,news_news_top
0b239a85365a6d7d061aa750100016714b07,8406963,20220615A06R5F00,20220619V060NM00,1,news_news_top
0b239a85365a6d7d061aa750100016714b07,8406963,20220619A02NC300,20220619V060NM00,1,news_news_top
0b239a85365a6d7d061aa750100016714b07,8406963,20220617A0CKG200,20220619V060NM00,1,news_news_top
0b239a85365a6d7d061aa750100016714b07,8406963,20220619A0956O00,20220619V060NM00,1,news_news_top
0b239a85365a6d7d061aa750100016714b07,8406963,20220614A0726900,20220619V060NM00,1,news_news_top
0b239a85365a6d7d061aa750100016714b07,8406963,20220617A0CKG200,20220619V060NM00,1,news_news_top
0b239a85365a6d7d061aa750100016714b07,8406963,20220610A02KF300,20220619V060NM00,1,news_news_top
0b239a85365a6d7d061aa750100016714b07,8406963,20220612A0801S00,20220619V060NM00,1,news_news_top
0b239a85365a6d7d061aa750100016714b07,8406963,20220615A06R5F00,20220619V060NM00,1,news_news_top
0b239a85365a6d7d061aa750100016714b07,8406963,20220617A0CKG200,20220619V060NM00,1,news_news_top
0b239a85365a6d7d061aa750100016714b07,8406963,20220621A02ZB700,20220619V060NM00,1,news_news_top
0b239a85365a6d7d061aa750100016714b07,8406963,20220618A0186I00,20220619V060NM00,1,news_news_top
0b239a85365a6d7d061aa750100016714b07,8406963,20220619A0956O00,20220619V060NM00,1,news_news_top
0b239a85365a6d7d061aa750100016714b07,8406963,20220617A0CKG200,20220619V060NM00,1,news_news_top
0b239a85365a6d7d061aa750100016714b07,8406963,20220609A0BBZ000,20220619V060NM00,1,news_news_top
0b239a85365a6d7d061aa750100016714b07,8406963,20220618A08YMK00,20220619V060NM00,1,news_news_top
0b239a85365a6d7d061aa750100016714b07,8406963,20220618A0186I00,20220619V060NM00,1,news_news_top
0b239a85365a6d7d061aa750100016714b07,8406963,20220615A06R5F00,20220619V060NM00,1,news_news_top
0b239a85365a6d7d061aa750100016714b07,8406963,20220619A02NC300,20220619V060NM00,1,news_news_top
0b239a85365a6d7d061aa750100016714b07,8406963,20220618A0186I00,20220619V060NM00,1,news_news_top
0b239a85365a6d7d061aa750100016714b07,8406963,20220618A08YMK00,20220619V060NM00,1,news_news_top
0b239a85365a6d7d061aa750100016714b07,8406963,20220621A02ZB700,20220619V060NM00,1,news_news_top
0b239a85365a6d7d061aa750100016714b07,8406963,20220619A07NY300,20220619V060NM00,1,news_news_top
0b239a85365a6d7d061aa750100016714b07,8406963,20220621A02ZB700,20220619V060NM00,1,news_news_top
0b239a85365a6d7d061aa750100016714b07,8406963,20220619A07NY300,20220619V060NM00,1,news_news_top
0b239a85365a6d7d061aa750100016714b07,8406963,20220617A0CKG200,20220619V060NM00,1,news_news_top
0b239a85365a6d7d061aa750100016714b07,8406963,20220619A02NC300,20220619V060NM00,1,news_news_top
0b239a85365a6d7d061aa750100016714b07,8406963,20220621A02ZB700,20220619V060NM00,1,news_news_top
0b239a85365a6d7d061aa750100016714b07,8406963,20220621A02ZB700,20220619V060NM00,1,news_news_top
0b239a85365a6d7d061aa750100016714b07,8406963,20220618A08YMK00,20220619V060NM00,1,news_news_top
0b239a85365a6d7d061aa750100016714b07,8406963,20220617A0CKG200,20220619V060NM00,1,news_news_top
0b239a85365a6d7d061aa750100016714b07,8406963,20220619A02NC300,20220619V060NM00,1,news_news_top
0b239a85365a6d7d061aa750100016714b07,8406963,20220619A0956O00,20220619V060NM00,1,news_news_top
0b239a85365a6d7d061aa750100016714b07,8406963,20220612A0801S00,20220619V060NM00,1,news_news_top
0b239a85365a6d7d061aa750100016714b07,8406963,20220616A0072P00,20220619V060NM00,1,news_news_top
0b239a85365a6d7d061aa750100016714b07,8406963,20220619A0956O00,20220619V060NM00,1,news_news_top
0b239a85365a6d7d061aa750100016714b07,8406963,20220612A0801S00,20220619V060NM00,1,news_news_top
0b239a85365a6d7d061aa750100016714b07,8406963,20220618A0186I00,20220619V060NM00,1,news_news_top
0b239a85365a6d7d061aa750100016714b07,8406963,20220612A0801S00,20220619V060NM00,1,news_news_top
0b239a85365a6d7d061aa750100016714b07,8406963,20220609A0BBZ000,20220619V060NM00,1,news_news_top
0b239a85365a6d7d061aa750100016714b07,8406963,20220619A0956O00,20220619V060NM00,1,news_news_top
0b239a85365a6d7d061aa750100016714b07,8406963,20220618A08YMK00,20220619V060NM00,1,news_news_top
0b239a85365a6d7d061aa750100016714b07,8406963,20220621A02ZB700,20220619V060NM00,1,news_news_top
0b239a85365a6d7d061aa750100016714b07,8406963,20220618A0186I00,20220619V060NM00,1,news_news_top
0b239a85365a6d7d061aa750100016714b07,8406963,20220621A02ZB700,20220619V060NM00,1,news_news_top
0b239a85365a6d7d061aa750100016714b07,8406963,20220609A0BBZ000,20220619V060NM00,1,news_news_top
0b239a85365a6d7d061aa750100016714b07,8406963,20220618A08YMK00,20220619V060NM00,1,news_news_top
0b239a85365a6d7d061aa750100016714b07,8406963,20220618A08YMK00,20220619V060NM00,1,news_news_top
0b239a85365a6d7d061aa750100016714b07,8406963,20220615A06R5F00,20220619V060NM00,1,news_news_top
0b239a85365a6d7d061aa750100016714b07,8406963,20220617A0CKG200,20220619V060NM00,1,news_news_top
0c6cbc96184718aeeedfd67e100015b1571b,8406963,20220621A042IM00,20220621A0189700,1,news_news_top
0fb0bb047e5152ed2d797d77000016014718,8406963,20220620A0CNMK00,20220621A02XNR00,1,news_news_top
0fb0bb047e5152ed2d797d77000016014718,8406963,20220620A0CNMK00,20220621A02XNR00,1,news_news_top
0fb0bb047e5152ed2d797d77000016014718,8406963,20220620A0CNMK00,20220621A02XNR00,1,news_news_top
0fb0bb047e5152ed2d797d77000016014718,8406963,20220620A0CNMK00,20220621A02XNR00,1,news_news_top
0fb0bb047e5152ed2d797d77000016014718,8406963,20220620A0CNMK00,20220621A02XNR00,1,news_news_top
0fb0bb047e5152ed2d797d77000016014718,8406963,20220620A0CNMK00,20220621A02XNR00,1,news_news_top
1230310369f8c1ff6c810a4f10001c41570a,8406963,20220620A07B9F00,20220620A03R3B00,1,news_news_top
1230310369f8c1ff6c810a4f10001c41570a,8406963,20220620A07B9F00,20220620A03R3B00,1,news_news_top
1230310369f8c1ff6c810a4f10001c41570a,8406963,20220620A07B9F00,20220620A03R3B00,1,news_news_top
1230310369f8c1ff6c810a4f10001c41570a,8406963,20220620A07B9F00,20220620A03R3B00,1,news_news_top
1230310369f8c1ff6c810a4f10001c41570a,8406963,20220620A07B9F00,20220620A03R3B00,1,news_news_top
1230310369f8c1ff6c810a4f10001c41570a,8406963,20220620A07B9F00,20220620A03R3B00,1,news_news_top
132c1930cfadab1d7326f16510001a714b10,8406963,20220620A07BXT00,20220621A042IM00,1,news_news_top
132c1930cfadab1d7326f16510001a714b10,8406963,20220620A07BXT00,20220621A042IM00,1,news_news_top
132c1930cfadab1d7326f16510001a714b10,8406963,20220620A07BXT00,20220621A042IM00,1,news_news_top
161f8d6a2249780321692fca000018a14908,8406963,20220621A05AXQ00,20220620V08ZJ200,1,news_news_top
161f8d6a2249780321692fca000018a14908,8406963,20220621A05AXQ00,20220620V08ZJ200,1,news_news_top
161f8d6a2249780321692fca000018a14908,8406963,20220620A07T5P00,20220620V08ZJ200,1,news_news_top
161f8d6a2249780321692fca000018a14908,8406963,20220621A05AXQ00,20220620V08ZJ200,1,news_news_top
18d58e360ed13c02e2d48a9810001ac1591b,8406963,20220620A06WY900,20220618V05Y6R00,1,news_news_top
18d58e360ed13c02e2d48a9810001ac1591b,8406963,20220620A06WY900,20220618V05Y6R00,1,news_news_top
18d58e360ed13c02e2d48a9810001ac1591b,8406963,20220620A06WY900,20220618V05Y6R00,1,news_news_top
1e43342edde11048a6cbd73a100012014b02,8406963,20220615A0CLSX00,20220621A038AY00,1,news_news_top
1e43342edde11048a6cbd73a100012014b02,8406963,20220618A07ES900,20220621A038AY00,1,news_news_top
1e43342edde11048a6cbd73a100012014b02,8406963,20220620A07SPM00,20220621A038AY00,1,news_news_top
1e43342edde11048a6cbd73a100012014b02,8406963,20220615A0BIXM00,20220621A038AY00,1,news_news_top
1e43342edde11048a6cbd73a100012014b02,8406963,20220620A07SPM00,20220621A038AY00,1,news_news_top
1e43342edde11048a6cbd73a100012014b02,8406963,20220615A0BIXM00,20220621A038AY00,1,news_news_top
1e43342edde11048a6cbd73a100012014b02,8406963,20220620A07SPM00,20220621A038AY00,1,news_news_top
1e43342edde11048a6cbd73a100012014b02,8406963,20220615A0CLSX00,20220621A038AY00,1,news_news_top
1e43342edde11048a6cbd73a100012014b02,8406963,20220620A07SPM00,20220621A038AY00,1,news_news_top
1e43342edde11048a6cbd73a100012014b02,8406963,20220615A0BIXM00,20220621A038AY00,1,news_news_top
1e43342edde11048a6cbd73a100012014b02,8406963,20220615A0BIXM00,20220621A038AY00,1,news_news_top
1e43342edde11048a6cbd73a100012014b02,8406963,20220618A07ES900,20220621A038AY00,1,news_news_top
1e43342edde11048a6cbd73a100012014b02,8406963,20220615A0BIXM00,20220621A038AY00,1,news_news_top
1fca08d4c0dee5eef9cfb3a900001931530a,8406963,20220621A008PI00,20220619A073OH00,1,news_news_top
1fca08d4c0dee5eef9cfb3a900001931530a,8406963,20220621A008PI00,20220619A073OH00,1,news_news_top
1fca08d4c0dee5eef9cfb3a900001931530a,8406963,20220619A04CA800,20220619A073OH00,1,news_news_top
1fca08d4c0dee5eef9cfb3a900001931530a,8406963,20220621A008PI00,20220619A073OH00,1,news_news_top
1fca08d4c0dee5eef9cfb3a900001931530a,8406963,20220619A04CA800,20220619A073OH00,1,news_news_top
1fca08d4c0dee5eef9cfb3a900001931530a,8406963,20220619A04CA800,20220619A073OH00,1,news_news_top
1fca08d4c0dee5eef9cfb3a900001931530a,8406963,20220619A04CA800,20220619A073OH00,1,news_news_top
1fca08d4c0dee5eef9cfb3a900001931530a,8406963,20220619A04CA800,20220619A073OH00,1,news_news_top
1fca08d4c0dee5eef9cfb3a900001931530a,8406963,20220619A04CA800,20220619A073OH00,1,news_news_top
20a12302272f0073a5d9c36d00001da1570b,8406963,20220608A044C200,20220619A08PT800,1,news_news_top
20a12302272f0073a5d9c36d00001da1570b,8406963,20220619A07AKW00,20220621A03WWL00,1,news_news_top
20a12302272f0073a5d9c36d00001da1570b,8406963,20220608A044C200,20220619A08PT800,1,news_news_top
20a12302272f0073a5d9c36d00001da1570b,8406963,20220619A07AKW00,20220619A08PT800,1,news_news_top
20a12302272f0073a5d9c36d00001da1570b,8406963,20220608A044C200,20220619A08PT800,1,news_news_top
20a12302272f0073a5d9c36d00001da1570b,8406963,20220619A07AKW00,20220621A03WWL00,1,news_news_top
20a12302272f0073a5d9c36d00001da1570b,8406963,20220610A0BYU600,20220621A03WWL00,1,news_news_top
20a12302272f0073a5d9c36d00001da1570b,8406963,20220619A07AKW00,20220621A03WWL00,1,news_news_top
20a12302272f0073a5d9c36d00001da1570b,8406963,20220608A044C200,20220621A03WWL00,1,news_news_top
20a12302272f0073a5d9c36d00001da1570b,8406963,20220619A05Q9G00,20220621A03WWL00,1,news_news_top
20a12302272f0073a5d9c36d00001da1570b,8406963,20220611A026K200,20220621A03WWL00,1,news_news_top
20a12302272f0073a5d9c36d00001da1570b,8406963,20220619A07AKW00,20220621A03WWL00,1,news_news_top
20a12302272f0073a5d9c36d00001da1570b,8406963,20220619A07AKW00,20220621A03WWL00,1,news_news_top
20a12302272f0073a5d9c36d00001da1570b,8406963,20220619A05Q9G00,20220619A08PT800,1,news_news_top
20a12302272f0073a5d9c36d00001da1570b,8406963,20220610A0BYU600,20220621A03WWL00,1,news_news_top
20a12302272f0073a5d9c36d00001da1570b,8406963,20220619A07AKW00,20220619A08PT800,1,news_news_top
20a12302272f0073a5d9c36d00001da1570b,8406963,20220619A05Q9G00,20220621A03WWL00,1,news_news_top
20a12302272f0073a5d9c36d00001da1570b,8406963,20220608A044C200,20220619A08PT800,1,news_news_top
20a12302272f0073a5d9c36d00001da1570b,8406963,20220619A07AKW00,20220619A08PT800,1,news_news_top
20a12302272f0073a5d9c36d00001da1570b,8406963,20220608A044C200,20220621A03WWL00,1,news_news_top
20a12302272f0073a5d9c36d00001da1570b,8406963,20220610A0BYU600,20220621A03WWL00,1,news_news_top
20a12302272f0073a5d9c36d00001da1570b,8406963,20220611A026K200,20220619A08PT800,1,news_news_top
20a12302272f0073a5d9c36d00001da1570b,8406963,20220619A05Q9G00,20220619A08PT800,1,news_news_top
20a12302272f0073a5d9c36d00001da1570b,8406963,20220619A05Q9G00,20220621A03WWL00,1,news_news_top
20a12302272f0073a5d9c36d00001da1570b,8406963,20220611A026K200,20220621A03WWL00,1,news_news_top
20a12302272f0073a5d9c36d00001da1570b,8406963,20220611A026K200,20220619A08PT800,1,news_news_top
20a12302272f0073a5d9c36d00001da1570b,8406963,20220610A0BYU600,20220621A03WWL00,1,news_news_top
20a12302272f0073a5d9c36d00001da1570b,8406963,20220608A044C200,20220619A08PT800,1,news_news_top
20a12302272f0073a5d9c36d00001da1570b,8406963,20220608A044C200,20220621A03WWL00,1,news_news_top
20a12302272f0073a5d9c36d00001da1570b,8406963,20220611A026K200,20220619A08PT800,1,news_news_top
20a12302272f0073a5d9c36d00001da1570b,8406963,20220608A044C200,20220619A08PT800,1,news_news_top
20a12302272f0073a5d9c36d00001da1570b,8406963,20220619A05Q9G00,20220621A03WWL00,1,news_news_top
20a12302272f0073a5d9c36d00001da1570b,8406963,20220610A0BYU600,20220619A08PT800,1,news_news_top
20a12302272f0073a5d9c36d00001da1570b,8406963,20220619A07AKW00,20220619A08PT800,1,news_news_top
20a12302272f0073a5d9c36d00001da1570b,8406963,20220619A07AKW00,20220619A08PT800,1,news_news_top
20a12302272f0073a5d9c36d00001da1570b,8406963,20220611A026K200,20220619A08PT800,1,news_news_top
20a12302272f0073a5d9c36d00001da1570b,8406963,20220611A026K200,20220621A03WWL00,1,news_news_top
20a12302272f0073a5d9c36d00001da1570b,8406963,20220619A05Q9G00,20220619A08PT800,1,news_news_top
20a12302272f0073a5d9c36d00001da1570b,8406963,20220610A0BYU600,20220621A03WWL00,1,news_news_top
20a12302272f0073a5d9c36d00001da1570b,8406963,20220608A044C200,20220621A03WWL00,1,news_news_top
20a12302272f0073a5d9c36d00001da1570b,8406963,20220610A0BYU600,20220619A08PT800,1,news_news_top
20a12302272f0073a5d9c36d00001da1570b,8406963,20220611A026K200,20220621A03WWL00,1,news_news_top
20a12302272f0073a5d9c36d00001da1570b,8406963,20220610A0BYU600,20220621A03WWL00,1,news_news_top
20a12302272f0073a5d9c36d00001da1570b,8406963,20220619A05Q9G00,20220619A08PT800,1,news_news_top
20a12302272f0073a5d9c36d00001da1570b,8406963,20220619A05Q9G00,20220621A03WWL00,1,news_news_top
20a12302272f0073a5d9c36d00001da1570b,8406963,20220611A026K200,20220619A08PT800,1,news_news_top
20a12302272f0073a5d9c36d00001da1570b,8406963,20220619A05Q9G00,20220619A08PT800,1,news_news_top
20a12302272f0073a5d9c36d00001da1570b,8406963,20220619A05Q9G00,20220619A08PT800,1,news_news_top
20a12302272f0073a5d9c36d00001da1570b,8406963,20220611A026K200,20220619A08PT800,1,news_news_top
20a12302272f0073a5d9c36d00001da1570b,8406963,20220611A026K200,20220619A08PT800,1,news_news_top
20a12302272f0073a5d9c36d00001da1570b,8406963,20220610A0BYU600,20220621A03WWL00,1,news_news_top
20a12302272f0073a5d9c36d00001da1570b,8406963,20220619A07AKW00,20220621A03WWL00,1,news_news_top
20a12302272f0073a5d9c36d00001da1570b,8406963,20220619A07AKW00,20220621A03WWL00,1,news_news_top
20a12302272f0073a5d9c36d00001da1570b,8406963,20220611A026K200,20220619A08PT800,1,news_news_top
20a12302272f0073a5d9c36d00001da1570b,8406963,20220619A07AKW00,20220619A08PT800,1,news_news_top
20a12302272f0073a5d9c36d00001da1570b,8406963,20220608A044C200,20220619A08PT800,1,news_news_top
20a12302272f0073a5d9c36d00001da1570b,8406963,20220611A026K200,20220621A03WWL00,1,news_news_top
20a12302272f0073a5d9c36d00001da1570b,8406963,20220611A026K200,20220621A03WWL00,1,news_news_top
20a12302272f0073a5d9c36d00001da1570b,8406963,20220619A07AKW00,20220621A03WWL00,1,news_news_top
20a12302272f0073a5d9c36d00001da1570b,8406963,20220610A0BYU600,20220621V01UJW00,1,news_news_top
20a12302272f0073a5d9c36d00001da1570b,8406963,20220608A044C200,20220621A03WWL00,1,news_news_top
20a12302272f0073a5d9c36d00001da1570b,8406963,20220610A0BYU600,20220621V01UJW00,1,news_news_top
20a12302272f0073a5d9c36d00001da1570b,8406963,20220608A044C200,20220621A03WWL00,1,news_news_top
20a12302272f0073a5d9c36d00001da1570b,8406963,20220608A044C200,20220621A03WWL00,1,news_news_top
20a12302272f0073a5d9c36d00001da1570b,8406963,20220611A026K200,20220621A03WWL00,1,news_news_top
20a12302272f0073a5d9c36d00001da1570b,8406963,20220619A07AKW00,20220621A03WWL00,1,news_news_top
20a12302272f0073a5d9c36d00001da1570b,8406963,20220610A0BYU600,20220621A03WWL00,1,news_news_top
20a12302272f0073a5d9c36d00001da1570b,8406963,20220608A044C200,20220619A08PT800,1,news_news_top
20a12302272f0073a5d9c36d00001da1570b,8406963,20220611A026K200,20220621A03WWL00,1,news_news_top
20a12302272f0073a5d9c36d00001da1570b,8406963,20220619A07AKW00,20220621A03WWL00,1,news_news_top
20a12302272f0073a5d9c36d00001da1570b,8406963,20220608A044C200,20220621A03WWL00,1,news_news_top
20a12302272f0073a5d9c36d00001da1570b,8406963,20220619A07AKW00,20220619A08PT800,1,news_news_top
2838ac2eab85450c5c0c28ff000019614b03,8406963,20220621A02RG400,20220621V02VQI00,1,news_news_top
2838ac2eab85450c5c0c28ff000019614b03,8406963,20220621A02RG400,20220621V02VQI00,1,news_news_top
2838ac2eab85450c5c0c28ff000019614b03,8406963,20220621A02RG400,20220621V02VQI00,1,news_news_top
28a8f3daaaf6878c7ccd2054100017715b05,8406963,20220613A076Z000,20220619V04YWJ00,1,news_news_top
28a8f3daaaf6878c7ccd2054100017715b05,8406963,20220619A08MGT00,20220619V04YWJ00,1,news_news_top
28a8f3daaaf6878c7ccd2054100017715b05,8406963,20220619A08MGT00,20220619V04YWJ00,1,news_news_top
28a8f3daaaf6878c7ccd2054100017715b05,8406963,20220619A08MGT00,20220619V04YWJ00,1,news_news_top
28a8f3daaaf6878c7ccd2054100017715b05,8406963,20220619A08MGT00,20220619V04YWJ00,1,news_news_top
28a8f3daaaf6878c7ccd2054100017715b05,8406963,20220619A08MGT00,20220619V04YWJ00,1,news_news_top
28a8f3daaaf6878c7ccd2054100017715b05,8406963,TWF2022062000178300,20220619V01QE400,1,news_news_top
28a8f3daaaf6878c7ccd2054100017715b05,8406963,20220613A076Z000,20220619V04YWJ00,1,news_news_top
28a8f3daaaf6878c7ccd2054100017715b05,8406963,TWF2022062000178300,20220619V01QE400,1,news_news_top
291160a9bb11c8e2c4789b7f000012e14805,8406963,20220620A0CNMK00,20220620V07VMQ00,1,news_news_top
291160a9bb11c8e2c4789b7f000012e14805,8406963,20220620A0CNMK00,20220620V07VMQ00,1,news_news_top
291160a9bb11c8e2c4789b7f000012e14805,8406963,20220620A0CNMK00,20220620V07VMQ00,1,news_news_top
2a8a84ca8a141be9e506d204000016d14b0d,8406963,20220620A06OMX00,20220619V04JGC00,1,news_news_top
2a8a84ca8a141be9e506d204000016d14b0d,8406963,20220620A06OMX00,20220619V04JGC00,1,news_news_top
2a8a84ca8a141be9e506d204000016d14b0d,8406963,20220621A04VV200,20220618V04CA600,1,news_news_top
3304f12fb6ed47e0d61d4c5210001de1531d,8406963,20220619A00D4C00,20220620V08ZJ200,1,news_news_top
3304f12fb6ed47e0d61d4c5210001de1531d,8406963,20220619A00D4C00,20220620V08ZJ200,1,news_news_top
3550cdf0ff8927037223192600001ec14804,8406963,20220620A06QCJ00,20220620A038UP00,1,news_news_top
3550cdf0ff8927037223192600001ec14804,8406963,20220620A0CPH500,20220620A09ZIQ00,1,news_news_top
3550cdf0ff8927037223192600001ec14804,8406963,20220620A06QCJ00,20220620A038UP00,1,news_news_top
3550cdf0ff8927037223192600001ec14804,8406963,20220620A0CPH500,20220620A09ZIQ00,1,news_news_top
3550cdf0ff8927037223192600001ec14804,8406963,20220620A06QCJ00,20220620A038UP00,1,news_news_top
3550cdf0ff8927037223192600001ec14804,8406963,20220620A06QCJ00,20220620A038UP00,1,news_news_top
3550cdf0ff8927037223192600001ec14804,8406963,20220620A0CPH500,20220620A09ZIQ00,1,news_news_top
3550cdf0ff8927037223192600001ec14804,8406963,20220620A0CPH500,20220620A09ZIQ00,1,news_news_top
3b271cc038f085faa0734f34100019514914,8406963,20220621A085D300,20220618V09BUK00,1,news_news_top
3b271cc038f085faa0734f34100019514914,8406963,20220620A070CC00,20220618V09BUK00,1,news_news_top
3b271cc038f085faa0734f34100019514914,8406963,20220621A085D300,20220618V09BUK00,1,news_news_top
3b271cc038f085faa0734f34100019514914,8406963,20220621A037LA00,20220618V09BUK00,1,news_news_top
3b271cc038f085faa0734f34100019514914,8406963,20220620A070CC00,20220618V09BUK00,1,news_news_top
3b271cc038f085faa0734f34100019514914,8406963,20220620A070CC00,20220618V09BUK00,1,news_news_top
3b271cc038f085faa0734f34100019514914,8406963,20220621A085D300,20220618V09BUK00,1,news_news_top
3ee3a8c995c85dc74ff148a510001dc14913,8406963,20220620A0BR2V00,20220614V00R7P00,1,news_news_top
3ee3a8c995c85dc74ff148a510001dc14913,8406963,20220620A0BR2V00,20220614V00R7P00,1,news_news_top
3ee3a8c995c85dc74ff148a510001dc14913,8406963,20220620A0BR2V00,20220614V00R7P00,1,news_news_top
429fcb0b031c531ea0a159e300001bf15c03,8406963,20220621A042IM00,20220620V0AR5G00,1,news_news_top
429fcb0b031c531ea0a159e300001bf15c03,8406963,20220621A042IM00,20220620V0AR5G00,1,news_news_top
429fcb0b031c531ea0a159e300001bf15c03,8406963,20220621A042IM00,20220620V0AR5G00,1,news_news_top
49166df37e83543e8f01445d10001e414912,8406963,UTR2022060700001400,20220619V08XJ900,1,news_news_top
49166df37e83543e8f01445d10001e414912,8406963,20220619A05CBZ00,20220619V08XJ900,1,news_news_top
49166df37e83543e8f01445d10001e414912,8406963,UTR2022060700001400,20220619V08XJ900,1,news_news_top
49166df37e83543e8f01445d10001e414912,8406963,UTR2022060700001400,20220619V08XJ900,1,news_news_top
49166df37e83543e8f01445d10001e414912,8406963,20220621A012Y800,20220619V08XJ900,1,news_news_top
49166df37e83543e8f01445d10001e414912,8406963,20220619A05CBZ00,20220619V08XJ900,1,news_news_top
49166df37e83543e8f01445d10001e414912,8406963,20220619A05CBZ00,20220619V08XJ900,1,news_news_top
49166df37e83543e8f01445d10001e414912,8406963,20220619A05CBZ00,20220619V08XJ900,1,news_news_top
49166df37e83543e8f01445d10001e414912,8406963,20220620A08JEV00,20220619V08XJ900,1,news_news_top
49166df37e83543e8f01445d10001e414912,8406963,20220620A08JEV00,20220619V08XJ900,1,news_news_top
49166df37e83543e8f01445d10001e414912,8406963,UTR2022060700001400,20220619V08XJ900,1,news_news_top
49166df37e83543e8f01445d10001e414912,8406963,20220619A05CBZ00,20220619V08XJ900,1,news_news_top
49166df37e83543e8f01445d10001e414912,8406963,20220620A08JEV00,20220619V08XJ900,1,news_news_top
49166df37e83543e8f01445d10001e414912,8406963,20220619A05CBZ00,20220619V08XJ900,1,news_news_top
49166df37e83543e8f01445d10001e414912,8406963,20220620A08JEV00,20220619V08XJ900,1,news_news_top
49166df37e83543e8f01445d10001e414912,8406963,20220621A012Y800,20220619V08XJ900,1,news_news_top
4961d47040e38413e2d5989010001b31581d,8406963,20220620A0B94J00,20220618V07T8L00,1,news_news_top
4961d47040e38413e2d5989010001b31581d,8406963,20220620A0B94J00,20220618V07T8L00,1,news_news_top
4961d47040e38413e2d5989010001b31581d,8406963,20220620A0B94J00,20220618V07T8L00,1,news_news_top
4992089a4d8d38295536e609100011f14910,8406963,20220620A0613S00,20220620A04WUZ00,1,news_news_top
4992089a4d8d38295536e609100011f14910,8406963,20220620A0613S00,20220620A04WUZ00,1,news_news_top
4adae3eef08621dec6c9630500001001560a,8406963,20220618A09H7P00,20220620A04DT500,1,news_news_top
4adae3eef08621dec6c9630500001001560a,8406963,20220618A07ES900,20220620A0283M00,1,news_news_top
4adae3eef08621dec6c9630500001001560a,8406963,20220618A09H7P00,20220620A04DT500,1,news_news_top
4adae3eef08621dec6c9630500001001560a,8406963,20220618A09H7P00,20220620A04DT500,1,news_news_top
4adae3eef08621dec6c9630500001001560a,8406963,20220618A07ES900,20220620A0283M00,1,news_news_top
4bb3829435b1e8a29805d3fd100015714911,8406963,20220621A05AXQ00,20220621A04VMF00,1,news_news_top
4bb3829435b1e8a29805d3fd100015714911,8406963,20220621A04MV500,20220621A04VMF00,1,news_news_top
4bb3829435b1e8a29805d3fd100015714911,8406963,20220621A04MV500,20220621A04VMF00,1,news_news_top
4bb3829435b1e8a29805d3fd100015714911,8406963,20220621A05AXQ00,20220621A04VMF00,1,news_news_top
4bb3829435b1e8a29805d3fd100015714911,8406963,20220621A05AXQ00,20220621A04VMF00,1,news_news_top
4f181f5fe07a76c4e77edab4100012314a05,8406963,20220620A096JM00,20220619V01TZG00,1,news_news_top
4f181f5fe07a76c4e77edab4100012314a05,8406963,20220620A096JM00,20220619V01TZG00,1,news_news_top
4f181f5fe07a76c4e77edab4100012314a05,8406963,20220620A096JM00,20220619V01TZG00,1,news_news_top
4f181f5fe07a76c4e77edab4100012314a05,8406963,20220620A096JM00,20220619V01TZG00,1,news_news_top
4f181f5fe07a76c4e77edab4100012314a05,8406963,20220620A096JM00,20220619V01TZG00,1,news_news_top
5bddaec035ae0cb5ebb1611700001131471b,8406963,NEW2022062100016900,20220621A02XNR00,1,news_news_top
65dfa6b90bdcf10c6c25310610001491570f,8406963,20220620A0AYSC00,20220620V0AH5200,1,news_news_top
65dfa6b90bdcf10c6c25310610001491570f,8406963,20220621A02Y7300,20220620V0AH5200,1,news_news_top
65dfa6b90bdcf10c6c25310610001491570f,8406963,20220619A055RM00,20220620V0AH5200,1,news_news_top
65dfa6b90bdcf10c6c25310610001491570f,8406963,20220619A055RM00,20220620V0AH5200,1,news_news_top
65dfa6b90bdcf10c6c25310610001491570f,8406963,20220620A0AYSC00,20220620V0AH5200,1,news_news_top
65dfa6b90bdcf10c6c25310610001491570f,8406963,20220619A055RM00,20220620V0AH5200,1,news_news_top
65dfa6b90bdcf10c6c25310610001491570f,8406963,20220620A0AYSC00,20220620V0AH5200,1,news_news_top
65dfa6b90bdcf10c6c25310610001491570f,8406963,20220611A04Y3H00,20220620V0AH5200,1,news_news_top
65dfa6b90bdcf10c6c25310610001491570f,8406963,20220611A04Y3H00,20220620V0AH5200,1,news_news_top
65dfa6b90bdcf10c6c25310610001491570f,8406963,20220618A09PM100,20220620V0AH5200,1,news_news_top
65dfa6b90bdcf10c6c25310610001491570f,8406963,20220620A0AYSC00,20220620V0AH5200,1,news_news_top
65dfa6b90bdcf10c6c25310610001491570f,8406963,20220620A0AYSC00,20220620V0AH5200,1,news_news_top
65dfa6b90bdcf10c6c25310610001491570f,8406963,20220620A0AYSC00,20220620V0AH5200,1,news_news_top
65dfa6b90bdcf10c6c25310610001491570f,8406963,20220611A04Y3H00,20220620V0AH5200,1,news_news_top
65dfa6b90bdcf10c6c25310610001491570f,8406963,20220620A08ZWH00,20220620V0AH5200,1,news_news_top
65dfa6b90bdcf10c6c25310610001491570f,8406963,20220611A04Y3H00,20220620V0AH5200,1,news_news_top
65dfa6b90bdcf10c6c25310610001491570f,8406963,20220619A055RM00,20220620V0AH5200,1,news_news_top
65dfa6b90bdcf10c6c25310610001491570f,8406963,20220618A09PM100,20220620V0AH5200,1,news_news_top
65dfa6b90bdcf10c6c25310610001491570f,8406963,20220619A055RM00,20220620V0AH5200,1,news_news_top
65dfa6b90bdcf10c6c25310610001491570f,8406963,20220618A09PM100,20220620V0AH5200,1,news_news_top
65f7c3bdc7df3108c76eda55000017c14719,8406963,20220618A05QIU00,20220615V03E3Q00,1,news_news_top
65f7c3bdc7df3108c76eda55000017c14719,8406963,20220618A05QIU00,20220615V03E3Q00,1,news_news_top
65f7c3bdc7df3108c76eda55000017c14719,8406963,20220618A05QIU00,20220615V03E3Q00,1,news_news_top
65f7c3bdc7df3108c76eda55000017c14719,8406963,20220618A05QIU00,20220615V03E3Q00,1,news_news_top
65f7c3bdc7df3108c76eda55000017c14719,8406963,20220618A05QIU00,20220615V03E3Q00,1,news_news_top
65f7c3bdc7df3108c76eda55000017c14719,8406963,20220620A07SPM00,20220615V03E3Q00,1,news_news_top
689da3fad9dc19ce8d538c10100014c15203,8406963,20220621A05AXQ00,20220616V02UW600,1,news_news_top
689da3fad9dc19ce8d538c10100014c15203,8406963,20220621A05AXQ00,20220616V02UW600,1,news_news_top
689da3fad9dc19ce8d538c10100014c15203,8406963,20220621A05AXQ00,20220616V02UW600,1,news_news_top
6a8ed684e48e54d157093aa910001781491d,8406963,20220620A0B94J00,20220619V02KMS00,1,news_news_top
6a8ed684e48e54d157093aa910001781491d,8406963,20220620A0B94J00,20220619V02KMS00,1,news_news_top
6a8ed684e48e54d157093aa910001781491d,8406963,20220620A0B94J00,20220619V02KMS00,1,news_news_top
6f9251e98b7f20a14d7f2e1e10001e214911,8406963,20220620A08OQ300,NEW2022062100016900,1,news_news_top
6f9251e98b7f20a14d7f2e1e10001e214911,8406963,20220611A01N0H00,NEW2022062100016900,1,news_news_top
6f9251e98b7f20a14d7f2e1e10001e214911,8406963,20220611A01N0H00,NEW2022062100016900,1,news_news_top
73acaa83d31dc9b7bc20218500001831591a,8406963,20220620A096Y500,20220619V07B7B00,1,news_news_top
73acaa83d31dc9b7bc20218500001831591a,8406963,20220620A096Y500,20220619V07B7B00,1,news_news_top
73acaa83d31dc9b7bc20218500001831591a,8406963,20220620A096Y500,20220619V07B7B00,1,news_news_top
73acaa83d31dc9b7bc20218500001831591a,8406963,20220620A05QVS00,20220619V00TYN00,1,news_news_top
73acaa83d31dc9b7bc20218500001831591a,8406963,20220621A0AXNV00,20220619V07B7B00,1,news_news_top
73acaa83d31dc9b7bc20218500001831591a,8406963,20220620A05QVS00,20220619V00TYN00,1,news_news_top
73acaa83d31dc9b7bc20218500001831591a,8406963,20220620A096Y500,20220619V07B7B00,1,news_news_top
73acaa83d31dc9b7bc20218500001831591a,8406963,20220620A096Y500,20220619V07B7B00,1,news_news_top
73acaa83d31dc9b7bc20218500001831591a,8406963,20220621A0AXNV00,20220619V07B7B00,1,news_news_top
73acaa83d31dc9b7bc20218500001831591a,8406963,20220620A096Y500,20220619V07B7B00,1,news_news_top
73acaa83d31dc9b7bc20218500001831591a,8406963,20220620A096Y500,20220619V07B7B00,1,news_news_top
73acaa83d31dc9b7bc20218500001831591a,8406963,20220621A01KVR00,20220619V07B7B00,1,news_news_top
73acaa83d31dc9b7bc20218500001831591a,8406963,20220620A096Y500,20220619V07B7B00,1,news_news_top
73acaa83d31dc9b7bc20218500001831591a,8406963,20220620A05QVS00,20220619V00TYN00,1,news_news_top
73acaa83d31dc9b7bc20218500001831591a,8406963,20220620A05QVS00,20220619V00TYN00,1,news_news_top
73acaa83d31dc9b7bc20218500001831591a,8406963,20220620A096Y500,20220619V07B7B00,1,news_news_top
73acaa83d31dc9b7bc20218500001831591a,8406963,20220621A0AXNV00,20220619V07B7B00,1,news_news_top
73acaa83d31dc9b7bc20218500001831591a,8406963,20220621A01KVR00,20220619V07B7B00,1,news_news_top
73acaa83d31dc9b7bc20218500001831591a,8406963,20220620A05QVS00,20220619V00TYN00,1,news_news_top
73acaa83d31dc9b7bc20218500001831591a,8406963,20220621A0AXNV00,20220619V07B7B00,1,news_news_top
73acaa83d31dc9b7bc20218500001831591a,8406963,20220620A05QVS00,20220619V00TYN00,1,news_news_top
73acaa83d31dc9b7bc20218500001831591a,8406963,20220621A0AXNV00,20220619V07B7B00,1,news_news_top
73acaa83d31dc9b7bc20218500001831591a,8406963,20220620A096Y500,20220619V07B7B00,1,news_news_top
73acaa83d31dc9b7bc20218500001831591a,8406963,20220620A096Y500,20220619V07B7B00,1,news_news_top
73acaa83d31dc9b7bc20218500001831591a,8406963,20220620A096Y500,20220619V07B7B00,1,news_news_top
73acaa83d31dc9b7bc20218500001831591a,8406963,20220621A01KVR00,20220619V07B7B00,1,news_news_top
73acaa83d31dc9b7bc20218500001831591a,8406963,20220620A096Y500,20220619V07B7B00,1,news_news_top
73acaa83d31dc9b7bc20218500001831591a,8406963,20220620A096Y500,20220619V07B7B00,1,news_news_top
76ea514fcd7231783f01ee20100010914916,8406963,20220621A00PS100,20220620A0CW3400,1,news_news_top
76ea514fcd7231783f01ee20100010914916,8406963,20220620A0CW3400,20220620A04DT500,1,news_news_top
76ea514fcd7231783f01ee20100010914916,8406963,20220621A021ZP00,20220621V03ZTS00,1,news_news_top
76ea514fcd7231783f01ee20100010914916,8406963,20220620A0CW3400,20220620A04DT500,1,news_news_top
76ea514fcd7231783f01ee20100010914916,8406963,20220620A092TW00,20220620A04DT500,1,news_news_top
76ea514fcd7231783f01ee20100010914916,8406963,20220621A021ZP00,20220621V03ZTS00,1,news_news_top
76ea514fcd7231783f01ee20100010914916,8406963,20220620A092TW00,20220620A04DT500,1,news_news_top
76ea514fcd7231783f01ee20100010914916,8406963,20220620A092TW00,20220620A04DT500,1,news_news_top
76ea514fcd7231783f01ee20100010914916,8406963,20220620A092TW00,20220620A04DT500,1,news_news_top
76ea514fcd7231783f01ee20100010914916,8406963,20220620A092TW00,20220620A04DT500,1,news_news_top
76ea514fcd7231783f01ee20100010914916,8406963,20220620A092TW00,20220620A04DT500,1,news_news_top
76ea514fcd7231783f01ee20100010914916,8406963,20220621A00PS100,20220620A0CW3400,1,news_news_top
76ea514fcd7231783f01ee20100010914916,8406963,20220621A00PS100,20220620A0CW3400,1,news_news_top
7b1243490d05bd04b459209800001ee14717,8406963,20220619A04CA800,20220621A03G7P00,1,news_news_top
7b1243490d05bd04b459209800001ee14717,8406963,20220619A06SPO00,20220621A03G7P00,1,news_news_top
7b1243490d05bd04b459209800001ee14717,8406963,20220618A06YX800,20220621A03G7P00,1,news_news_top
7b1243490d05bd04b459209800001ee14717,8406963,20220620A0BDJA00,20220620A0891W00,1,news_news_top
7b1243490d05bd04b459209800001ee14717,8406963,20220621A02RG400,20220621A03G7P00,1,news_news_top
7b1243490d05bd04b459209800001ee14717,8406963,20220620A0BDJA00,20220620A0891W00,1,news_news_top
7b1243490d05bd04b459209800001ee14717,8406963,20220620A0B94J00,20220620A0891W00,1,news_news_top
7b1243490d05bd04b459209800001ee14717,8406963,20220618A06YX800,20220621A03G7P00,1,news_news_top
7b1243490d05bd04b459209800001ee14717,8406963,20220619A04CA800,20220621A03G7P00,1,news_news_top
7b1243490d05bd04b459209800001ee14717,8406963,20220620A0BDJA00,20220620A0891W00,1,news_news_top
7b1243490d05bd04b459209800001ee14717,8406963,20220619A06SPO00,20220621A03G7P00,1,news_news_top
7b1243490d05bd04b459209800001ee14717,8406963,20220620A0AVH700,20220620A0891W00,1,news_news_top
7b1243490d05bd04b459209800001ee14717,8406963,20220619A04CA800,20220621A03G7P00,1,news_news_top
7b1243490d05bd04b459209800001ee14717,8406963,20220620A0BDJA00,20220620A0891W00,1,news_news_top
7b1243490d05bd04b459209800001ee14717,8406963,20220619A04CA800,20220621A03G7P00,1,news_news_top
7b1243490d05bd04b459209800001ee14717,8406963,20220618A06YX800,20220621A03G7P00,1,news_news_top
7b1243490d05bd04b459209800001ee14717,8406963,20220620A0BDJA00,20220620A0891W00,1,news_news_top
7b1243490d05bd04b459209800001ee14717,8406963,20220621A01R4L00,20220620A0891W00,1,news_news_top
7d935527109c58db95fd644910001fe15818,8406963,20220618A08S6X00,20220617A04U3K00,1,news_news_top
7d935527109c58db95fd644910001fe15818,8406963,20220620A0757A00,20220617A04U3K00,1,news_news_top
7d935527109c58db95fd644910001fe15818,8406963,20220618A08S6X00,20220617A04U3K00,1,news_news_top
7d935527109c58db95fd644910001fe15818,8406963,20220618A08S6X00,20220617A04U3K00,1,news_news_top
7d935527109c58db95fd644910001fe15818,8406963,20220618A08S6X00,20220617A04U3K00,1,news_news_top
7d935527109c58db95fd644910001fe15818,8406963,20220618A08S6X00,20220617A04U3K00,1,news_news_top
7d935527109c58db95fd644910001fe15818,8406963,20220620A0757A00,20220617A04U3K00,1,news_news_top
7d935527109c58db95fd644910001fe15818,8406963,20220618A08S6X00,20220617A04U3K00,1,news_news_top
7d9406427cc12a2924219ee210001df14911,8406963,20220621A05YSZ00,20220619V0935I00,1,news_news_top
7d9406427cc12a2924219ee210001df14911,8406963,20220621A05YSZ00,20220619V0935I00,1,news_news_top
7d9406427cc12a2924219ee210001df14911,8406963,20220621A05YSZ00,20220619V0935I00,1,news_news_top
805bc239d8e3afb30b9d7a87000011615b1c,8406963,20220618A07Y9N00,DSG2022062100035300,1,news_news_top
87c768ed54e7b8c08fbb7b7e10001db14912,8406963,20220620A0BDS000,20220618V05UWQ00,1,news_news_top
915704503f2a7621639c4f0b10001bc14912,8406963,20220620A05N9500,20220621A017J700,1,news_news_top
915704503f2a7621639c4f0b10001bc14912,8406963,20220620A05N9500,20220621A017J700,1,news_news_top
915704503f2a7621639c4f0b10001bc14912,8406963,20220620A05N9500,20220621A017J700,1,news_news_top
915704503f2a7621639c4f0b10001bc14912,8406963,20220620A05N9500,20220621A017J700,1,news_news_top
915704503f2a7621639c4f0b10001bc14912,8406963,20220621A059KK00,20220621A017J700,1,news_news_top
915704503f2a7621639c4f0b10001bc14912,8406963,20220620A05N9500,20220621A017J700,1,news_news_top
92d623f5899a4a7a656bb589100016b16406,8406963,20220620A0BY1I00,20220619V01BU100,1,news_news_top
92d623f5899a4a7a656bb589100016b16406,8406963,20220621A03PVJ00,20220619V01BU100,1,news_news_top
92d623f5899a4a7a656bb589100016b16406,8406963,20220621A03PVJ00,20220619V01BU100,1,news_news_top
92d623f5899a4a7a656bb589100016b16406,8406963,20220621A03PVJ00,20220619V01BU100,1,news_news_top
92d623f5899a4a7a656bb589100016b16406,8406963,20220620A0BY1I00,20220619V01BU100,1,news_news_top
92d623f5899a4a7a656bb589100016b16406,8406963,20220620A0BY1I00,20220619V01BU100,1,news_news_top
92ed9e6552155d42d55be1ac10001e014911,8406963,20220621A06DJV00,20220621V01BOX00,1,news_news_top
92ed9e6552155d42d55be1ac10001e014911,8406963,20220621A03WP200,20220621V01BOX00,1,news_news_top
92ed9e6552155d42d55be1ac10001e014911,8406963,20220621A03WP200,20220621V01BOX00,1,news_news_top
92ed9e6552155d42d55be1ac10001e014911,8406963,20220621A03WP200,20220621V01BOX00,1,news_news_top
92ed9e6552155d42d55be1ac10001e014911,8406963,20220621A06DJV00,20220621V01BOX00,1,news_news_top
92ed9e6552155d42d55be1ac10001e014911,8406963,20220621A03WP200,20220621V01BOX00,1,news_news_top
92ed9e6552155d42d55be1ac10001e014911,8406963,20220621A03WP200,20220621V01BOX00,1,news_news_top
92ed9e6552155d42d55be1ac10001e014911,8406963,20220621A03WP200,20220621V01BOX00,1,news_news_top
92ed9e6552155d42d55be1ac10001e014911,8406963,20220621A03WP200,20220621V01BOX00,1,news_news_top
93265d095cec823499ae9350000013014718,8406963,20220620A096JM00,20220619V050K900,1,news_news_top
93265d095cec823499ae9350000013014718,8406963,20220620A096JM00,20220619V050K900,1,news_news_top
93265d095cec823499ae9350000013014718,8406963,20220620A096JM00,20220619V050K900,1,news_news_top
93265d095cec823499ae9350000013014718,8406963,20220620A096JM00,20220619V050K900,1,news_news_top
93265d095cec823499ae9350000013014718,8406963,20220620A096JM00,20220619V050K900,1,news_news_top
94d38f2e154a94ce9c163e0f100018a1540d,8406963,20220621A02RG400,20220621A043K100,1,news_news_top
94d38f2e154a94ce9c163e0f100018a1540d,8406963,20220621A02RG400,20220621A043K100,1,news_news_top
94d38f2e154a94ce9c163e0f100018a1540d,8406963,20220621A02RG400,20220621A043K100,1,news_news_top
951e84cd77c59b299cf785be10001c615716,8406963,20220621A05AXQ00,20220609V093VW00,1,news_news_top
951e84cd77c59b299cf785be10001c615716,8406963,20220621A05AXQ00,20220609V093VW00,1,news_news_top
951e84cd77c59b299cf785be10001c615716,8406963,20220621A05AXQ00,20220609V093VW00,1,news_news_top
96bddc592f7bf1b9a80d425610001b614a04,8406963,20220621A05AXQ00,20220618V02KYM00,1,news_news_top
96bddc592f7bf1b9a80d425610001b614a04,8406963,20220621A05AXQ00,20220618V02KYM00,1,news_news_top
9c0d249d146faf593cf126c2100018415607,8406963,20220620A08VZZ00,20220619V05ZC000,1,news_news_top
9c0d249d146faf593cf126c2100018415607,8406963,20220620A08OQ200,20220618V09SB900,1,news_news_top
9c0d249d146faf593cf126c2100018415607,8406963,20220620A06WY900,20220619V05ZC000,1,news_news_top
9c0d249d146faf593cf126c2100018415607,8406963,20220620A08VZZ00,20220619V05ZC000,1,news_news_top
9c0d249d146faf593cf126c2100018415607,8406963,20220620A06WY900,20220619V05ZC000,1,news_news_top
9c0d249d146faf593cf126c2100018415607,8406963,20220620A08VZZ00,20220619V05ZC000,1,news_news_top
a50880417e38e2962a4e2bb610001f814916,8406963,20220620A02C3100,20220620V01LNR00,1,news_news_top
a50880417e38e2962a4e2bb610001f814916,8406963,20220620A02C3100,20220620V01LNR00,1,news_news_top
a50880417e38e2962a4e2bb610001f814916,8406963,20220620A02C3100,20220620V01LNR00,1,news_news_top
a531cc27505b562e1056012b10001a214910,8406963,20220619A0999G00,20220619V041P200,1,news_news_top
a531cc27505b562e1056012b10001a214910,8406963,20220619A0999G00,20220619V041P200,1,news_news_top
a7d97c985db898373b806264100012a15913,8406963,20220620A02V9400,20220621A02Y0Q00,1,news_news_top
a7d97c985db898373b806264100012a15913,8406963,20220620A02V9400,20220621A02Y0Q00,1,news_news_top
a7d97c985db898373b806264100012a15913,8406963,20220620A02V9400,20220621A02Y0Q00,1,news_news_top
ab7d445bca1962a4b2538bcf10001c614b1b,8406963,20220620A06GCG00,20220617A04U3K00,1,news_news_top
ab7d445bca1962a4b2538bcf10001c614b1b,8406963,20220620A06GCG00,20220617A04U3K00,1,news_news_top
ab7d445bca1962a4b2538bcf10001c614b1b,8406963,20220620A06GCG00,20220617A04U3K00,1,news_news_top
afebd8ca3122f0b8cab3497300001a415c0c,8406963,20220621A05AXQ00,20220619V03F5T00,1,news_news_top
afebd8ca3122f0b8cab3497300001a415c0c,8406963,20220621A05AXQ00,20220619V03F5T00,1,news_news_top
afebd8ca3122f0b8cab3497300001a415c0c,8406963,20220621A05AXQ00,20220619V03F5T00,1,news_news_top
b11e5c4043c0a26c2f324f16100014814a07,8406963,20220618A07ALK00,20220618V05Z3700,1,news_news_top
b330ed1c88d3a661a5cc8016000016816518,8406963,20220621A05AXQ00,20220621A04DIX00,1,news_news_top
b330ed1c88d3a661a5cc8016000016816518,8406963,20220621A05AXQ00,20220621A04DIX00,1,news_news_top
b330ed1c88d3a661a5cc8016000016816518,8406963,20220620A092TW00,20220621A04DIX00,1,news_news_top
b330ed1c88d3a661a5cc8016000016816518,8406963,20220620A092TW00,20220621A04DIX00,1,news_news_top
b330ed1c88d3a661a5cc8016000016816518,8406963,20220621A05AXQ00,20220621A04DIX00,1,news_news_top
b330ed1c88d3a661a5cc8016000016816518,8406963,20220620A092TW00,20220621A04DIX00,1,news_news_top
ba55887698a66d6671cd61c700001b314807,8406963,20220620A037OX00,20220619A01YL300,1,news_news_top
ba55887698a66d6671cd61c700001b314807,8406963,20220620A037OX00,20220619A01YL300,1,news_news_top
bcfe229f0dc844e38c2647b9100018314a19,8406963,20220620A08QIB00,20220621A042IM00,1,news_news_top
c00ef4782538fd37de6d1c04100018714910,8406963,20220620A09LZY00,20220620A09S6000,1,news_news_top
c2ca091b37fd0f3b2f70e7fc100012414911,8406963,20220621A05AXQ00,20220621A03OMA00,1,news_news_top
c2ca091b37fd0f3b2f70e7fc100012414911,8406963,20220618A07ALK00,20220616V0AJ0100,1,news_news_top
c2ca091b37fd0f3b2f70e7fc100012414911,8406963,20220621A05AXQ00,20220621A03OMA00,1,news_news_top
c2ca091b37fd0f3b2f70e7fc100012414911,8406963,20220618A07ALK00,20220616V0AJ0100,1,news_news_top
c2ca091b37fd0f3b2f70e7fc100012414911,8406963,20220618A07ALK00,20220616V0AJ0100,1,news_news_top
c2ca091b37fd0f3b2f70e7fc100012414911,8406963,20220618A07ALK00,20220616V0AJ0100,1,news_news_top
c2ca091b37fd0f3b2f70e7fc100012414911,8406963,20220621A05AXQ00,20220621A03OMA00,1,news_news_top
c2ca091b37fd0f3b2f70e7fc100012414911,8406963,20220621A006E800,20220616V0AJ0100,1,news_news_top
c2ca091b37fd0f3b2f70e7fc100012414911,8406963,20220618A07ALK00,20220616V0AJ0100,1,news_news_top
c76d6ec1e102597541ae2b8300001451470b,8406963,20220621A03G7P00,20220620A0CVDJ00,1,news_news_top
c76d6ec1e102597541ae2b8300001451470b,8406963,20220621A03G7P00,20220620A0CVDJ00,1,news_news_top
c94b02a2ba22575a44187db300001c715115,8406963,20220621A01AQI00,20220621A00TU300,1,news_news_top
c94b02a2ba22575a44187db300001c715115,8406963,20220621A04IJG00,20220621A00TU300,1,news_news_top
c94b02a2ba22575a44187db300001c715115,8406963,20220621A04IJG00,20220621A00TU300,1,news_news_top
c94b02a2ba22575a44187db300001c715115,8406963,20220621A01AQI00,20220621A00TU300,1,news_news_top
c94b02a2ba22575a44187db300001c715115,8406963,20220621A04IJG00,20220621A00TU300,1,news_news_top
c94b02a2ba22575a44187db300001c715115,8406963,20220621A01AQI00,20220621A00TU300,1,news_news_top
ccc3d186ab069e2c21575bb700001d41570d,8406963,20220620A04KDD00,20220620V02ZRM00,1,news_news_top
ccc3d186ab069e2c21575bb700001d41570d,8406963,20220620A04KDD00,20220620V02ZRM00,1,news_news_top
ccc3d186ab069e2c21575bb700001d41570d,8406963,20220620A04KDD00,20220620V02ZRM00,1,news_news_top
d0ac74c0f4d498c7a74fde9a100015314916,8406963,20220620A09SKF00,20220618V07D8100,1,news_news_top
d0ac74c0f4d498c7a74fde9a100015314916,8406963,20220620A09SKF00,20220618V07D8100,1,news_news_top
d0ac74c0f4d498c7a74fde9a100015314916,8406963,20220620A09SKF00,20220618V07D8100,1,news_news_top
d0ac74c0f4d498c7a74fde9a100015314916,8406963,20220620A09SKF00,20220618V07D8100,1,news_news_top
d1d19f8eed9efb46a86dbc05100016114919,8406963,20220618A09V9K00,20220620V02X6600,1,news_news_top
d1d19f8eed9efb46a86dbc05100016114919,8406963,20220618A09V9K00,20220620V02X6600,1,news_news_top
dc1db5bd123e05e7821a20b4100013b14911,8406963,20220611A069KT00,20220620A04KDJ00,1,news_news_top
dc1db5bd123e05e7821a20b4100013b14911,8406963,20220611A02YCO00,20220620A04KDJ00,1,news_news_top
dc1db5bd123e05e7821a20b4100013b14911,8406963,20220614A07AKG00,20220620A04KDJ00,1,news_news_top
dc1db5bd123e05e7821a20b4100013b14911,8406963,20220620A03M0N00,20220620A04KDJ00,1,news_news_top
dc1db5bd123e05e7821a20b4100013b14911,8406963,20220611A069KT00,20220620A04KDJ00,1,news_news_top
dc1db5bd123e05e7821a20b4100013b14911,8406963,20220611A02YCO00,20220620A04KDJ00,1,news_news_top
dc1db5bd123e05e7821a20b4100013b14911,8406963,20220611A02YCO00,20220620A04KDJ00,1,news_news_top
dc1db5bd123e05e7821a20b4100013b14911,8406963,20220620A06Y6C00,20220620A04KDJ00,1,news_news_top
dc1db5bd123e05e7821a20b4100013b14911,8406963,20220620A06Y6C00,20220620A04KDJ00,1,news_news_top
dc1db5bd123e05e7821a20b4100013b14911,8406963,20220611A069KT00,20220620A04KDJ00,1,news_news_top
dc1db5bd123e05e7821a20b4100013b14911,8406963,20220620A09RTR00,20220620A04KDJ00,1,news_news_top
dc1db5bd123e05e7821a20b4100013b14911,8406963,20220611A069KT00,20220620A04KDJ00,1,news_news_top
dc1db5bd123e05e7821a20b4100013b14911,8406963,20220620A093MN00,20220620V08ZJ200,1,news_news_top
dc1db5bd123e05e7821a20b4100013b14911,8406963,20220611A02YCO00,20220620A04KDJ00,1,news_news_top
dc1db5bd123e05e7821a20b4100013b14911,8406963,20220611A02YCO00,20220620A04KDJ00,1,news_news_top
dc1db5bd123e05e7821a20b4100013b14911,8406963,20220620A093MN00,20220620V08ZJ200,1,news_news_top
dc1db5bd123e05e7821a20b4100013b14911,8406963,20220614A07AKG00,20220620A04KDJ00,1,news_news_top
dc1db5bd123e05e7821a20b4100013b14911,8406963,20220611A02YCO00,20220620A04KDJ00,1,news_news_top
dc1db5bd123e05e7821a20b4100013b14911,8406963,20220620A03M0N00,20220620A04KDJ00,1,news_news_top
dc1db5bd123e05e7821a20b4100013b14911,8406963,20220620A03M0N00,20220620A04KDJ00,1,news_news_top
dc1db5bd123e05e7821a20b4100013b14911,8406963,20220611A069KT00,20220620A04KDJ00,1,news_news_top
dc1db5bd123e05e7821a20b4100013b14911,8406963,20220614A07AKG00,20220620A04KDJ00,1,news_news_top
dc1db5bd123e05e7821a20b4100013b14911,8406963,20220620A093MN00,20220620V08ZJ200,1,news_news_top
dc1db5bd123e05e7821a20b4100013b14911,8406963,20220620A093MN00,20220620V08ZJ200,1,news_news_top
dc1db5bd123e05e7821a20b4100013b14911,8406963,20220620A03M0N00,20220620A04KDJ00,1,news_news_top
dc1db5bd123e05e7821a20b4100013b14911,8406963,20220620A03M0N00,20220620A04KDJ00,1,news_news_top
dc1db5bd123e05e7821a20b4100013b14911,8406963,20220611A069KT00,20220620A04KDJ00,1,news_news_top
dc1db5bd123e05e7821a20b4100013b14911,8406963,20220620A03M0N00,20220620A04KDJ00,1,news_news_top
dc1db5bd123e05e7821a20b4100013b14911,8406963,20220620A03M0N00,20220620A04KDJ00,1,news_news_top
dc1db5bd123e05e7821a20b4100013b14911,8406963,20220611A069KT00,20220620A04KDJ00,1,news_news_top
dc1db5bd123e05e7821a20b4100013b14911,8406963,20220620A03M0N00,20220620A04KDJ00,1,news_news_top
dc1db5bd123e05e7821a20b4100013b14911,8406963,20220614A07AKG00,20220620A04KDJ00,1,news_news_top
dc1db5bd123e05e7821a20b4100013b14911,8406963,20220620A09RTR00,20220620A04KDJ00,1,news_news_top
dc1db5bd123e05e7821a20b4100013b14911,8406963,20220620A03M0N00,20220620A04KDJ00,1,news_news_top
dc1db5bd123e05e7821a20b4100013b14911,8406963,20220620A09RTR00,20220620A04KDJ00,1,news_news_top
dc1db5bd123e05e7821a20b4100013b14911,8406963,20220620A09RTR00,20220620A04KDJ00,1,news_news_top
dfc10f42d5093a78c3f0fa4e00001d31491a,8406963,20220620A0B5DB00,20220619A02QAY00,1,news_news_top
dfc10f42d5093a78c3f0fa4e00001d31491a,8406963,20220620A0B5DB00,20220619A02QAY00,1,news_news_top
e27c06eb5e6c432548a47c4010001bd16115,8406963,20220620A0CB3W00,20220617A04U3K00,1,news_news_top
e671bfaaf043ec8a80167ced10001ba16315,8406963,20220618A09V9200,20220621A0A9RT00,1,news_news_top
e671bfaaf043ec8a80167ced10001ba16315,8406963,20220621A009DZ00,20220621A0A9RT00,1,news_news_top
e671bfaaf043ec8a80167ced10001ba16315,8406963,20220621A009DZ00,20220621A0A9RT00,1,news_news_top
e671bfaaf043ec8a80167ced10001ba16315,8406963,20220620A0A2J600,20220621A0A9RT00,1,news_news_top
e671bfaaf043ec8a80167ced10001ba16315,8406963,20220620A0A2J600,20220621A0A9RT00,1,news_news_top
e671bfaaf043ec8a80167ced10001ba16315,8406963,20220620A0A2J600,20220621A0A9RT00,1,news_news_top
e671bfaaf043ec8a80167ced10001ba16315,8406963,20220620A0A2J600,20220621A0A9RT00,1,news_news_top
e671bfaaf043ec8a80167ced10001ba16315,8406963,20220621A009DZ00,20220621A0A9RT00,1,news_news_top
e671bfaaf043ec8a80167ced10001ba16315,8406963,20220621A009DZ00,20220621A0A9RT00,1,news_news_top
e671bfaaf043ec8a80167ced10001ba16315,8406963,20220620A0A2J600,20220621A0A9RT00,1,news_news_top
e671bfaaf043ec8a80167ced10001ba16315,8406963,20220621A009DZ00,20220621A0A9RT00,1,news_news_top
e671bfaaf043ec8a80167ced10001ba16315,8406963,20220621A009DZ00,20220621A0A9RT00,1,news_news_top
e671bfaaf043ec8a80167ced10001ba16315,8406963,20220618A09V9200,20220621A0A9RT00,1,news_news_top
e671bfaaf043ec8a80167ced10001ba16315,8406963,20220620A0A2J600,20220621A0A9RT00,1,news_news_top
ea4bd4792c44779d5d83fdbf10001991571a,8406963,20220616A05NQW00,20220619V041P200,1,news_news_top
ea4bd4792c44779d5d83fdbf10001991571a,8406963,20220620A09J4700,20220619V041P200,1,news_news_top
ea4bd4792c44779d5d83fdbf10001991571a,8406963,20220620A09J4700,20220619V041P200,1,news_news_top
ea4bd4792c44779d5d83fdbf10001991571a,8406963,20220620A09J4700,20220619V041P200,1,news_news_top
ea4bd4792c44779d5d83fdbf10001991571a,8406963,20220620A09J4700,20220619V041P200,1,news_news_top
ea4bd4792c44779d5d83fdbf10001991571a,8406963,20220620A09J4700,20220619V041P200,1,news_news_top
ea4bd4792c44779d5d83fdbf10001991571a,8406963,20220616A05NQW00,20220619V041P200,1,news_news_top
ea4bd4792c44779d5d83fdbf10001991571a,8406963,20220621A05AXQ00,20220619V041P200,1,news_news_top
ea4bd4792c44779d5d83fdbf10001991571a,8406963,20220621A05AXQ00,20220619V041P200,1,news_news_top
ea4bd4792c44779d5d83fdbf10001991571a,8406963,20220616A05NQW00,20220619V041P200,1,news_news_top
ea4bd4792c44779d5d83fdbf10001991571a,8406963,20220621A05AXQ00,20220619V041P200,1,news_news_top
f14361984ff712c09513841f000018714717,8406963,20220621A07DVL00,20220621A08KP500,1,news_news_top
f14361984ff712c09513841f000018714717,8406963,20220621A02WHE00,20220621A08KP500,1,news_news_top
f14361984ff712c09513841f000018714717,8406963,20220621A02WHE00,20220621A08KP500,1,news_news_top
f14361984ff712c09513841f000018714717,8406963,20220621A07DVL00,20220621A08KP500,1,news_news_top
f14361984ff712c09513841f000018714717,8406963,20220621A07DVL00,20220621A08KP500,1,news_news_top
f14361984ff712c09513841f000018714717,8406963,20220621A07DVL00,20220621A08KP500,1,news_news_top
f14361984ff712c09513841f000018714717,8406963,20220621A02WHE00,20220621A08KP500,1,news_news_top
f2d12864b22a33373f2d52b910001d014911,8406963,20220620A0CMT800,20220619V08E6Q00,1,news_news_top
f2d12864b22a33373f2d52b910001d014911,8406963,20220620A0CMT800,20220619V08E6Q00,1,news_news_top
f2d12864b22a33373f2d52b910001d014911,8406963,20220620A0CMT800,20220619V08E6Q00,1,news_news_top
f54321b41552aa3458cf82f810001a616118,8406963,20220621A0B5GG00,20220620V07S0100,1,news_news_top
f54321b41552aa3458cf82f810001a616118,8406963,20220621A0B5GG00,20220620V07S0100,1,news_news_top
f54321b41552aa3458cf82f810001a616118,8406963,20220621A04MV500,20220621A03T3300,1,news_news_top
f54321b41552aa3458cf82f810001a616118,8406963,20220621A0B5GG00,20220620V07S0100,1,news_news_top
f65286d79397f53d84a2acf4000016114805,8406963,20220620A0B94J00,20220619A07ZIZ00,1,news_news_top
f65286d79397f53d84a2acf4000016114805,8406963,20220620A037OX00,20220619A07ZIZ00,1,news_news_top
f65286d79397f53d84a2acf4000016114805,8406963,20220620A0B94J00,20220619A07ZIZ00,1,news_news_top
f65286d79397f53d84a2acf4000016114805,8406963,20220620A037OX00,20220619A07ZIZ00,1,news_news_top
f65286d79397f53d84a2acf4000016114805,8406963,20220620A037OX00,20220619A07ZIZ00,1,news_news_top
fa4c19c92c045bdcffadf013000010f1480d,8406963,20220619A09DDY00,20220619V05IL400,1,news_news_top
fa4c19c92c045bdcffadf013000010f1480d,8406963,20220619A09DDY00,20220619V05IL400,1,news_news_top
fa4c19c92c045bdcffadf013000010f1480d,8406963,20220619A09DDY00,20220619V05IL400,1,news_news_top
fa4c19c92c045bdcffadf013000010f1480d,8406963,20220619A09DDY00,20220619V05IL400,1,news_news_top
fa4c19c92c045bdcffadf013000010f1480d,8406963,20220619A09DDY00,20220619V05IL400,1,news_news_top
ffca82bea0629efa49ccd5ad100018f15303,8406963,20220620A08DK300,20220618V04YWD00,1,news_news_top
ffca82bea0629efa49ccd5ad100018f15303,8406963,20220620A0B94J00,20220618V04YWD00,1,news_news_top
ffca82bea0629efa49ccd5ad100018f15303,8406963,20220619A006JJ00,20220618V04YWD00,1,news_news_top
ffca82bea0629efa49ccd5ad100018f15303,8406963,20220619A006JJ00,20220618V04YWD00,1,news_news_top
ffca82bea0629efa49ccd5ad100018f15303,8406963,20220620A0B94J00,20220618V04YWD00,1,news_news_top
ffca82bea0629efa49ccd5ad100018f15303,8406963,20220619A006JJ00,20220618V04YWD00,1,news_news_top
ffca82bea0629efa49ccd5ad100018f15303,8406963,20220620A08DK300,20220618V04YWD00,1,news_news_top
ffca82bea0629efa49ccd5ad100018f15303,8406963,20220620A08DK300,20220618V04YWD00,1,news_news_top
ffca82bea0629efa49ccd5ad100018f15303,8406963,20220620A08DK300,20220618V04YWD00,1,news_news_top
ffca82bea0629efa49ccd5ad100018f15303,8406963,20220620A08DK300,20220618V04YWD00,1,news_news_top
ffca82bea0629efa49ccd5ad100018f15303,8406963,20220619A006JJ00,20220618V04YWD00,1,news_news_top
ffca82bea0629efa49ccd5ad100018f15303,8406963,20220620A0B94J00,20220618V04YWD00,1,news_news_top
ffca82bea0629efa49ccd5ad100018f15303,8406963,20220619A006JJ00,20220618V04YWD00,1,news_news_top
01eefb8b3695e1dc7c5978f9000015414902,8406963,20220621A05ZVF00,20220620V02B2W00,1,news_news_top
01eefb8b3695e1dc7c5978f9000015414902,8406963,20220621A05ZVF00,20220620V02B2W00,1,news_news_top
01eefb8b3695e1dc7c5978f9000015414902,8406963,20220621A05ZVF00,20220620V02B2W00,1,news_news_top
08ef6287db16901c29b5e28c100012f14707,8406963,20220619A078SX00,20220619A08HXP00,1,news_news_top
08ef6287db16901c29b5e28c100012f14707,8406963,20220619A078SX00,20220619A08HXP00,1,news_news_top
08ef6287db16901c29b5e28c100012f14707,8406963,20220619A078SX00,20220619A08HXP00,1,news_news_top
08ef6287db16901c29b5e28c100012f14707,8406963,20220619A078SX00,20220619A08HXP00,1,news_news_top
08ef6287db16901c29b5e28c100012f14707,8406963,20220619A096YN00,20220619A08HXP00,1,news_news_top
08ef6287db16901c29b5e28c100012f14707,8406963,20220619A096YN00,20220619A08HXP00,1,news_news_top
08ef6287db16901c29b5e28c100012f14707,8406963,20220616A030BF00,20220619A08HXP00,1,news_news_top
08ef6287db16901c29b5e28c100012f14707,8406963,20220619A096YN00,20220619A08HXP00,1,news_news_top
08ef6287db16901c29b5e28c100012f14707,8406963,20220620A0AK2700,20220619A08HXP00,1,news_news_top
08ef6287db16901c29b5e28c100012f14707,8406963,20220619A096YN00,20220619A08HXP00,1,news_news_top
08ef6287db16901c29b5e28c100012f14707,8406963,20220619A078SX00,20220619A08HXP00,1,news_news_top
08ef6287db16901c29b5e28c100012f14707,8406963,20220616A030BF00,20220619A08HXP00,1,news_news_top
08ef6287db16901c29b5e28c100012f14707,8406963,20220619A096YN00,20220619A08HXP00,1,news_news_top
08ef6287db16901c29b5e28c100012f14707,8406963,20220619A096YN00,20220619A08HXP00,1,news_news_top
08ef6287db16901c29b5e28c100012f14707,8406963,20220620A0AK2700,20220619A08HXP00,1,news_news_top
08ef6287db16901c29b5e28c100012f14707,8406963,20220619A078SX00,20220619A08HXP00,1,news_news_top
08ef6287db16901c29b5e28c100012f14707,8406963,20220619A096YN00,20220619A08HXP00,1,news_news_top
0c4c261189962003e9c9408700001ff14a09,8406963,20220621A02LI200,20220621A01LO700,1,news_news_top
0c4c261189962003e9c9408700001ff14a09,8406963,20220621A02LI200,20220621A01LO700,1,news_news_top
0c4c261189962003e9c9408700001ff14a09,8406963,20220621A02LI200,20220621A01LO700,1,news_news_top
0c4c261189962003e9c9408700001ff14a09,8406963,20220621A02LI200,20220621A01LO700,1,news_news_top
0c4c261189962003e9c9408700001ff14a09,8406963,20220621A02LI200,20220621A01LO700,1,news_news_top
0c4c261189962003e9c9408700001ff14a09,8406963,20220621A02LI200,20220621A01LO700,1,news_news_top
0f12286bba5b0c5d0f74dc1c000018c1471b,8406963,20220619A0397V00,20220620V06KLU00,1,news_news_top
0f12286bba5b0c5d0f74dc1c000018c1471b,8406963,20220619A0397V00,20220620V06KLU00,1,news_news_top
0f12286bba5b0c5d0f74dc1c000018c1471b,8406963,20220619A0397V00,20220620V06KLU00,1,news_news_top
0f12286bba5b0c5d0f74dc1c000018c1471b,8406963,20220619A0397V00,20220620V06KLU00,1,news_news_top
0f12286bba5b0c5d0f74dc1c000018c1471b,8406963,20220619A0397V00,20220620V06KLU00,1,news_news_top
0f12286bba5b0c5d0f74dc1c000018c1471b,8406963,20220610A09SYW00,20220620V06KLU00,1,news_news_top
0f12286bba5b0c5d0f74dc1c000018c1471b,8406963,20220610A09SYW00,20220620V06KLU00,1,news_news_top
0f12286bba5b0c5d0f74dc1c000018c1471b,8406963,20220610A09SYW00,20220620V06KLU00,1,news_news_top
0f12286bba5b0c5d0f74dc1c000018c1471b,8406963,20220610A09SYW00,20220620V06KLU00,1,news_news_top
0f12286bba5b0c5d0f74dc1c000018c1471b,8406963,20220619A0397V00,20220620V06KLU00,1,news_news_top
0f12286bba5b0c5d0f74dc1c000018c1471b,8406963,20220619A0397V00,20220620V06KLU00,1,news_news_top
0f12286bba5b0c5d0f74dc1c000018c1471b,8406963,20220610A09SYW00,20220620V06KLU00,1,news_news_top
0f4023955d50325804372e6510001ee1590a,8406963,20220621A02RG400,NEW2022062100016900,1,news_news_top
0f4023955d50325804372e6510001ee1590a,8406963,20220621A02RG400,NEW2022062100016900,1,news_news_top
0f4023955d50325804372e6510001ee1590a,8406963,20220621A02RG400,NEW2022062100016900,1,news_news_top
16ec3836dd9dc62f8886209d100010b1491d,8406963,20220621A0569600,20220621A077OM00,1,news_news_top
1ed018ae566cc15370cb79ca100017714706,8406963,20220525A0BRWS00,20220617V03ZLM00,1,news_news_top
1ed018ae566cc15370cb79ca100017714706,8406963,20220606A06SUX00,20220617V03ZLM00,1,news_news_top
1ed018ae566cc15370cb79ca100017714706,8406963,20220525A0BRWS00,20220617V03ZLM00,1,news_news_top
1ed018ae566cc15370cb79ca100017714706,8406963,20220606A06SUX00,20220617V03ZLM00,1,news_news_top
1ed018ae566cc15370cb79ca100017714706,8406963,20220606A06SUX00,20220617V03ZLM00,1,news_news_top
1ed018ae566cc15370cb79ca100017714706,8406963,20220606A06SUX00,20220617V03ZLM00,1,news_news_top
1ed018ae566cc15370cb79ca100017714706,8406963,20220606A06SUX00,20220617V03ZLM00,1,news_news_top
1ed018ae566cc15370cb79ca100017714706,8406963,20220606A06SUX00,20220617V03ZLM00,1,news_news_top
1fc0671ea1e286309f79b82a00001b31540e,8406963,20220620A0AKNV00,20220621A016XR00,1,news_news_top
2496974f1363a57bd774e42f00001931471f,8406963,20220619A02THJ00,20220619V03N4C00,1,news_news_top
2496974f1363a57bd774e42f00001931471f,8406963,20220619A02THJ00,20220619V03N4C00,1,news_news_top
25f2d35de8f02f62e1f216a500001a515115,8406963,20220620A09NS200,20220621A02XNR00,1,news_news_top
28585c914b848e96ad76afc400001411471c,8406963,20220620A08K9Y00,20220619V090EA00,1,news_news_top
28585c914b848e96ad76afc400001411471c,8406963,20220620A06KRU00,20220619V090EA00,1,news_news_top
28585c914b848e96ad76afc400001411471c,8406963,20220620A06KRU00,20220619V090EA00,1,news_news_top
28585c914b848e96ad76afc400001411471c,8406963,20220620A06KRU00,20220619V090EA00,1,news_news_top
28585c914b848e96ad76afc400001411471c,8406963,20220620A06KRU00,20220619V090EA00,1,news_news_top
28585c914b848e96ad76afc400001411471c,8406963,20220620A06KRU00,20220619V090EA00,1,news_news_top
28585c914b848e96ad76afc400001411471c,8406963,20220620A06KRU00,20220619V090EA00,1,news_news_top
28585c914b848e96ad76afc400001411471c,8406963,20220620A08K9Y00,20220619V090EA00,1,news_news_top
289c03ccf6bcd60526deb65200001f91471a,8406963,20220620A0CVMG00,20220618V04Q7D00,1,news_news_top
289c03ccf6bcd60526deb65200001f91471a,8406963,20220620A0CVMG00,20220618V04Q7D00,1,news_news_top
289c03ccf6bcd60526deb65200001f91471a,8406963,20220620A0CVMG00,20220618V04Q7D00,1,news_news_top
2a8ed46d200f6362e914a58c10001b314a01,8406963,20220619A08TOZ00,20220621V01WQE00,1,news_news_top
2a8ed46d200f6362e914a58c10001b314a01,8406963,20220619A08TOZ00,20220621V01WQE00,1,news_news_top
2b5c6510ca9e1b89b7b9afdd10001d215808,8406963,20220614A0DC9600,20220621A03G7P00,1,news_news_top
2b5c6510ca9e1b89b7b9afdd10001d215808,8406963,20220614A0DC9600,20220621A03G7P00,1,news_news_top
2b5c6510ca9e1b89b7b9afdd10001d215808,8406963,20220620A0933800,20220621A03G7P00,1,news_news_top
2b5c6510ca9e1b89b7b9afdd10001d215808,8406963,20220621A0037B00,20220621A03G7P00,1,news_news_top
2b5c6510ca9e1b89b7b9afdd10001d215808,8406963,20220620A0933800,20220621A03G7P00,1,news_news_top
2b5c6510ca9e1b89b7b9afdd10001d215808,8406963,20220620A0933800,20220621A03G7P00,1,news_news_top
2b5c6510ca9e1b89b7b9afdd10001d215808,8406963,20220620A0933800,20220621A03G7P00,1,news_news_top
2b5c6510ca9e1b89b7b9afdd10001d215808,8406963,20220620A0933800,20220621A03G7P00,1,news_news_top
2b5c6510ca9e1b89b7b9afdd10001d215808,8406963,20220621A0037B00,20220621A03G7P00,1,news_news_top
2b5c6510ca9e1b89b7b9afdd10001d215808,8406963,20220621A0037B00,20220621A03G7P00,1,news_news_top
2b5c6510ca9e1b89b7b9afdd10001d215808,8406963,20220614A0DC9600,20220621A03G7P00,1,news_news_top
2b5c6510ca9e1b89b7b9afdd10001d215808,8406963,20220621A0037B00,20220621A03G7P00,1,news_news_top
2b5c6510ca9e1b89b7b9afdd10001d215808,8406963,20220620A0933800,20220621A03G7P00,1,news_news_top
2b5c6510ca9e1b89b7b9afdd10001d215808,8406963,20220614A0DC9600,20220621A03G7P00,1,news_news_top
2b5c6510ca9e1b89b7b9afdd10001d215808,8406963,20220620A0933800,20220621A03G7P00,1,news_news_top
2b5c6510ca9e1b89b7b9afdd10001d215808,8406963,20220621A0037B00,20220621A03G7P00,1,news_news_top
2b5c6510ca9e1b89b7b9afdd10001d215808,8406963,20220621A0037B00,20220621A03G7P00,1,news_news_top
2cd0781712426b6835272548100016114910,8406963,20220621A04MV500,20220621A02TPO00,1,news_news_top
2cd0781712426b6835272548100016114910,8406963,20220621A04MV500,20220621A02TPO00,1,news_news_top
2cfb5fda4a174719a6b20511100019814912,8406963,20220618A03F2M00,20220620V02W2O00,1,news_news_top
2cfb5fda4a174719a6b20511100019814912,8406963,20220618A03F2M00,20220620V02W2O00,1,news_news_top
2cfb5fda4a174719a6b20511100019814912,8406963,20220618A03F2M00,20220620V02W2O00,1,news_news_top
2cfb5fda4a174719a6b20511100019814912,8406963,20220618A03F2M00,20220620V02W2O00,1,news_news_top
2cfb5fda4a174719a6b20511100019814912,8406963,20220618A03F2M00,20220620V02W2O00,1,news_news_top
3a473ca9d5a707b311cf5692000015b14718,8406963,20220616A00TD400,20220619V08K5100,1,news_news_top
3a473ca9d5a707b311cf5692000015b14718,8406963,20220616A05NQW00,20220619V08K5100,1,news_news_top
3a473ca9d5a707b311cf5692000015b14718,8406963,20220616A00TD400,20220619V08K5100,1,news_news_top
3a473ca9d5a707b311cf5692000015b14718,8406963,20220616A00TD400,20220619V08K5100,1,news_news_top
3a473ca9d5a707b311cf5692000015b14718,8406963,20220616A05NQW00,20220619V08K5100,1,news_news_top
3a473ca9d5a707b311cf5692000015b14718,8406963,20220619A00D4C00,20220619V08K5100,1,news_news_top
3a90d2897f7824fb6c53317410001d915c17,8406963,20220620A0CNMK00,20220620A07VXZ00,1,news_news_top
3a90d2897f7824fb6c53317410001d915c17,8406963,20220620A0CNMK00,20220620A07VXZ00,1,news_news_top
3a90d2897f7824fb6c53317410001d915c17,8406963,20220620A0CNMK00,20220620A07VXZ00,1,news_news_top
3a90d2897f7824fb6c53317410001d915c17,8406963,20220620A0CNMK00,20220620A07VXZ00,1,news_news_top
3a90d2897f7824fb6c53317410001d915c17,8406963,20220620A0CNMK00,20220620A07VXZ00,1,news_news_top
3a90d2897f7824fb6c53317410001d915c17,8406963,20220620A0CNMK00,20220620A07VXZ00,1,news_news_top
4060ef09a02ab267052bc4cb00001e515a1e,8406963,20220620A0B94J00,20220617V09T4B00,1,news_news_top
4060ef09a02ab267052bc4cb00001e515a1e,8406963,20220620A0B94J00,20220617V09T4B00,1,news_news_top
4be2c4593a03046870704b33100012b14910,8406963,20220620A0CIZS00,20220621A0AFRU00,1,news_news_top
4be2c4593a03046870704b33100012b14910,8406963,20220621A08YMN00,20220621A0AFRU00,1,news_news_top
4be2c4593a03046870704b33100012b14910,8406963,20220620A08ENG00,NEW2022062100016900,1,news_news_top
4be2c4593a03046870704b33100012b14910,8406963,20220621A0821F00,20220621A0AFRU00,1,news_news_top
4be2c4593a03046870704b33100012b14910,8406963,20220621A0821F00,20220621A0AFRU00,1,news_news_top
4be2c4593a03046870704b33100012b14910,8406963,20220621A00HHA00,NEW2022062100016900,1,news_news_top
4be2c4593a03046870704b33100012b14910,8406963,20220621A02RG400,NEW2022062100016900,1,news_news_top
4be2c4593a03046870704b33100012b14910,8406963,20220611A01N0H00,NEW2022062100016900,1,news_news_top
4be2c4593a03046870704b33100012b14910,8406963,20220620A08ENG00,NEW2022062100016900,1,news_news_top
4be2c4593a03046870704b33100012b14910,8406963,20220621A0821F00,20220621A0AFRU00,1,news_news_top
4be2c4593a03046870704b33100012b14910,8406963,20220620A0CIZS00,20220621A0AFRU00,1,news_news_top
4be2c4593a03046870704b33100012b14910,8406963,20220621A0517M00,20220621A0AFRU00,1,news_news_top
4be2c4593a03046870704b33100012b14910,8406963,20220621A0517M00,20220621A0AFRU00,1,news_news_top
4be2c4593a03046870704b33100012b14910,8406963,20220611A01N0H00,NEW2022062100016900,1,news_news_top
4be2c4593a03046870704b33100012b14910,8406963,20220621A00HHA00,NEW2022062100016900,1,news_news_top
4be2c4593a03046870704b33100012b14910,8406963,20220620A0CIZS00,20220621A0AFRU00,1,news_news_top
4be2c4593a03046870704b33100012b14910,8406963,20220620A0CIZS00,20220621A0AFRU00,1,news_news_top
4be2c4593a03046870704b33100012b14910,8406963,20220621A02RG400,NEW2022062100016900,1,news_news_top
4be2c4593a03046870704b33100012b14910,8406963,20220621A0821F00,20220621A0AFRU00,1,news_news_top
4be2c4593a03046870704b33100012b14910,8406963,20220621A02RG400,NEW2022062100016900,1,news_news_top
4be2c4593a03046870704b33100012b14910,8406963,20220620A0CIZS00,20220621A0AFRU00,1,news_news_top
4be2c4593a03046870704b33100012b14910,8406963,20220620A08ENG00,NEW2022062100016900,1,news_news_top
4be2c4593a03046870704b33100012b14910,8406963,20220621A0517M00,20220621A0AFRU00,1,news_news_top
4be2c4593a03046870704b33100012b14910,8406963,20220621A0821F00,20220621A0AFRU00,1,news_news_top
4be2c4593a03046870704b33100012b14910,8406963,20220621A0821F00,20220621A0AFRU00,1,news_news_top
4be2c4593a03046870704b33100012b14910,8406963,20220620A0CIZS00,20220621A0AFRU00,1,news_news_top
4daea6a371363d5cdb898129100018415316,8406963,20220621A06YUF00,20220621V03RWH00,1,news_news_top
4e7619f00592a7b23e20df7300001ab14805,8406963,20220621A02RG400,NEW2022062100016900,1,news_news_top
4e7619f00592a7b23e20df7300001ab14805,8406963,20220621A02RG400,NEW2022062100016900,1,news_news_top
4e7619f00592a7b23e20df7300001ab14805,8406963,20220621A02RG400,NEW2022062100016900,1,news_news_top
52fad9eea6c35a57da40db6a10001c414911,8406963,20220621A05AXQ00,20220619V04RDY00,1,news_news_top
52fad9eea6c35a57da40db6a10001c414911,8406963,20220621A05AXQ00,20220619V04RDY00,1,news_news_top
52fad9eea6c35a57da40db6a10001c414911,8406963,20220621A05AXQ00,20220619V04RDY00,1,news_news_top
5cf26db20d16b661a673788f100016c14911,8406963,20220621A05ZVF00,20220620V05TQF00,1,news_news_top
5cf26db20d16b661a673788f100016c14911,8406963,20220621A05ZVF00,20220620V05TQF00,1,news_news_top
5cf26db20d16b661a673788f100016c14911,8406963,20220621A05ZVF00,20220620V05TQF00,1,news_news_top
6639e37808f303d167daee90000012b1561a,8406963,20220620A0BC1700,20220618V07MS000,1,news_news_top
6639e37808f303d167daee90000012b1561a,8406963,20220620A0A91A00,20220618V07MS000,1,news_news_top
6639e37808f303d167daee90000012b1561a,8406963,20220620A0A91A00,20220618V07MS000,1,news_news_top
6971ae1da65d30567676fe3c000016c14805,8406963,20220620A0BV6Z00,20220621A02XNR00,1,news_news_top
6971ae1da65d30567676fe3c000016c14805,8406963,20220620A0BV6Z00,20220621A02XNR00,1,news_news_top
6971ae1da65d30567676fe3c000016c14805,8406963,20220620A0CI9000,20220621A02XNR00,1,news_news_top
6971ae1da65d30567676fe3c000016c14805,8406963,20220621A0017P00,20220621A02XNR00,1,news_news_top
6971ae1da65d30567676fe3c000016c14805,8406963,20220620A0BV6Z00,20220621A02XNR00,1,news_news_top
6971ae1da65d30567676fe3c000016c14805,8406963,20220621A0017P00,20220621A02XNR00,1,news_news_top
6971ae1da65d30567676fe3c000016c14805,8406963,20220621A0017P00,20220621A02XNR00,1,news_news_top
6bfff98adc916209e318b0f8100019114a15,8406963,20220621A0BXSM00,20220619V038B800,1,news_news_top
6c0368d6ba07c9610d950c04100010215b1a,8406963,20220621A051MI00,20220620V07KIK00,1,news_news_top
6c0368d6ba07c9610d950c04100010215b1a,8406963,20220621A051MI00,20220620V07KIK00,1,news_news_top
6c0368d6ba07c9610d950c04100010215b1a,8406963,20220618A07Y9N00,20220617V06SAP00,1,news_news_top
6c60fdff91ec7e50302589e010001c115319,8406963,20220621A00G1L00,20220620A0BV6Z00,1,news_news_top
6c60fdff91ec7e50302589e010001c115319,8406963,20220621A00G1L00,20220620A0BV6Z00,1,news_news_top
6c60fdff91ec7e50302589e010001c115319,8406963,20220621A00G1L00,20220620A0BV6Z00,1,news_news_top
71eef838331259302193ae3810001731520b,8406963,20220616A068FB00,20220618V07GTH00,1,news_news_top
71eef838331259302193ae3810001731520b,8406963,20220616A068FB00,20220618V07GTH00,1,news_news_top
71eef838331259302193ae3810001731520b,8406963,20220611A07HI700,20220618V07GTH00,1,news_news_top
71eef838331259302193ae3810001731520b,8406963,20220619A023F100,20220618V07GTH00,1,news_news_top
71eef838331259302193ae3810001731520b,8406963,20220619A023F100,20220618V07GTH00,1,news_news_top
71eef838331259302193ae3810001731520b,8406963,20220619A023F100,20220618V07GTH00,1,news_news_top
71eef838331259302193ae3810001731520b,8406963,20220616A068FB00,20220618V07GTH00,1,news_news_top
71eef838331259302193ae3810001731520b,8406963,20220616A068FB00,20220618V07GTH00,1,news_news_top
71eef838331259302193ae3810001731520b,8406963,20220611A07HI700,20220618V07GTH00,1,news_news_top
71eef838331259302193ae3810001731520b,8406963,20220616A068FB00,20220618V07GTH00,1,news_news_top
71eef838331259302193ae3810001731520b,8406963,20220616A068FB00,20220618V07GTH00,1,news_news_top
71eef838331259302193ae3810001731520b,8406963,20220619A023F100,20220618V07GTH00,1,news_news_top
71eef838331259302193ae3810001731520b,8406963,20220619A023F100,20220618V07GTH00,1,news_news_top
71eef838331259302193ae3810001731520b,8406963,20220611A07HI700,20220618V07GTH00,1,news_news_top
71eef838331259302193ae3810001731520b,8406963,20220616A068FB00,20220618V07GTH00,1,news_news_top
71eef838331259302193ae3810001731520b,8406963,20220611A07HI700,20220618V07GTH00,1,news_news_top
7661c60f86fbdcf717faeb3100001b214b07,8406963,20220618A092AB00,20220621A052QA00,1,news_news_top
7661c60f86fbdcf717faeb3100001b214b07,8406963,20220618A092AB00,20220621A052QA00,1,news_news_top
77e209c2d99dbe9260ba385c100013214a19,8406963,20220619A05Q9G00,20220618V05WZ200,1,news_news_top
77e209c2d99dbe9260ba385c100013214a19,8406963,20220621A06MZT00,20220621A01JRI00,1,news_news_top
77e209c2d99dbe9260ba385c100013214a19,8406963,20220619A05Q9G00,20220618V05WZ200,1,news_news_top
77e209c2d99dbe9260ba385c100013214a19,8406963,20220620A01STY00,20220618V05WZ200,1,news_news_top
77e209c2d99dbe9260ba385c100013214a19,8406963,20220619A05Q9G00,20220618V05WZ200,1,news_news_top
77e209c2d99dbe9260ba385c100013214a19,8406963,20220620A01STY00,20220618V05WZ200,1,news_news_top
77e209c2d99dbe9260ba385c100013214a19,8406963,20220621A008VY00,20220618V05WZ200,1,news_news_top
77e209c2d99dbe9260ba385c100013214a19,8406963,20220620A01STY00,20220618V05WZ200,1,news_news_top
77e209c2d99dbe9260ba385c100013214a19,8406963,20220621A008VY00,20220618V05WZ200,1,news_news_top
77e209c2d99dbe9260ba385c100013214a19,8406963,20220621A06MZT00,20220621A01JRI00,1,news_news_top
77e209c2d99dbe9260ba385c100013214a19,8406963,20220619A05Q9G00,20220618V05WZ200,1,news_news_top
77e209c2d99dbe9260ba385c100013214a19,8406963,20220621A06MZT00,20220621A01JRI00,1,news_news_top
77e209c2d99dbe9260ba385c100013214a19,8406963,20220621A008VY00,20220618V05WZ200,1,news_news_top
77e209c2d99dbe9260ba385c100013214a19,8406963,20220621A008VY00,20220618V05WZ200,1,news_news_top
7bea6e4458e374a961bf1525100017414912,8406963,20220621A032YV00,20220620V05WVG00,1,news_news_top
7bea6e4458e374a961bf1525100017414912,8406963,20220621A032YV00,20220620V05WVG00,1,news_news_top
7bea6e4458e374a961bf1525100017414912,8406963,20220621A032YV00,20220620V05WVG00,1,news_news_top
7bea6e4458e374a961bf1525100017414912,8406963,20220621A032YV00,20220620V05WVG00,1,news_news_top
7bea6e4458e374a961bf1525100017414912,8406963,20220621A032YV00,20220620V05WVG00,1,news_news_top
7bea6e4458e374a961bf1525100017414912,8406963,20220621A032YV00,20220620V05WVG00,1,news_news_top
7df8dce3ab92298090fdbe1d10001cc15510,8406963,20220620A0AKNV00,20220619A093VP00,1,news_news_top
7df8dce3ab92298090fdbe1d10001cc15510,8406963,20220620A0AKNV00,20220619A093VP00,1,news_news_top
7df8dce3ab92298090fdbe1d10001cc15510,8406963,20220620A0AKNV00,20220619A093VP00,1,news_news_top
853da35849515bef57a166c4000010c14c01,8406963,20220620A0B94J00,20220620A0ABG600,1,news_news_top
853da35849515bef57a166c4000010c14c01,8406963,20220620A0B94J00,20220620A0ABG600,1,news_news_top
853da35849515bef57a166c4000010c14c01,8406963,20220620A05PWV00,20220620A0ABG600,1,news_news_top
853da35849515bef57a166c4000010c14c01,8406963,20220620A05PWV00,20220620A0ABG600,1,news_news_top
853da35849515bef57a166c4000010c14c01,8406963,20220620A05PWV00,20220620A0ABG600,1,news_news_top
8b2071e6816f8f6ca604c0f4000012314a13,8406963,20220620A0B94J00,20220618V075JV00,1,news_news_top
8b2071e6816f8f6ca604c0f4000012314a13,8406963,20220620A096JM00,20220618V075JV00,1,news_news_top
8b2071e6816f8f6ca604c0f4000012314a13,8406963,20220620A0B94J00,20220618V075JV00,1,news_news_top
8b2071e6816f8f6ca604c0f4000012314a13,8406963,20220620A096JM00,20220618V075JV00,1,news_news_top
8b2071e6816f8f6ca604c0f4000012314a13,8406963,20220620A096JM00,20220618V075JV00,1,news_news_top
8b2071e6816f8f6ca604c0f4000012314a13,8406963,20220620A096JM00,20220618V075JV00,1,news_news_top
8b2071e6816f8f6ca604c0f4000012314a13,8406963,20220620A0B94J00,20220618V075JV00,1,news_news_top
8b47618f4b44d8a39f36d4c100001fa14806,8406963,20220620A08DQ700,20220618A09GHE00,1,news_news_top
8b47618f4b44d8a39f36d4c100001fa14806,8406963,20220620A08DQ700,20220618A09GHE00,1,news_news_top
8e3f24f06a9fbfcfa7df3bf600001b515a11,8406963,NEW2022062100016900,20220621A02RBS00,1,news_news_top
8e3f24f06a9fbfcfa7df3bf600001b515a11,8406963,NEW2022062100016900,20220621A02RBS00,1,news_news_top
940fe20f99980977bb71cc3610001aa15309,8406963,20220621A07XB900,20220621V056QW00,1,news_news_top
940fe20f99980977bb71cc3610001aa15309,8406963,20220620A0B94J00,20220621V056QW00,1,news_news_top
940fe20f99980977bb71cc3610001aa15309,8406963,20220621A07XB900,20220621V056QW00,1,news_news_top
940fe20f99980977bb71cc3610001aa15309,8406963,20220621A07XB900,20220621V056QW00,1,news_news_top
940fe20f99980977bb71cc3610001aa15309,8406963,20220621A07XB900,20220621V056QW00,1,news_news_top
940fe20f99980977bb71cc3610001aa15309,8406963,20220621A07XB900,20220621V056QW00,1,news_news_top
940fe20f99980977bb71cc3610001aa15309,8406963,20220621A07XB900,20220621V056QW00,1,news_news_top
940fe20f99980977bb71cc3610001aa15309,8406963,20220620A0B94J00,20220621V056QW00,1,news_news_top
940fe20f99980977bb71cc3610001aa15309,8406963,20220620A0B94J00,20220621V056QW00,1,news_news_top
94d279fe5c989c0b0c26d3dc100015815913,8406963,20220618A057CL00,20220621A02Y0Q00,1,news_news_top
94d279fe5c989c0b0c26d3dc100015815913,8406963,20220618A09V9K00,20220621A02Y0Q00,1,news_news_top
94d279fe5c989c0b0c26d3dc100015815913,8406963,20220618A057CL00,20220621A02Y0Q00,1,news_news_top
94d279fe5c989c0b0c26d3dc100015815913,8406963,20220618A057CL00,20220621A02Y0Q00,1,news_news_top
94d279fe5c989c0b0c26d3dc100015815913,8406963,20220620A037OX00,20220621A02Y0Q00,1,news_news_top
94d279fe5c989c0b0c26d3dc100015815913,8406963,20220618A057CL00,20220621A02Y0Q00,1,news_news_top
94d279fe5c989c0b0c26d3dc100015815913,8406963,20220620A037OX00,20220621A02Y0Q00,1,news_news_top
94d279fe5c989c0b0c26d3dc100015815913,8406963,20220618A057CL00,20220621A02Y0Q00,1,news_news_top
94d279fe5c989c0b0c26d3dc100015815913,8406963,20220618A057CL00,20220621A02Y0Q00,1,news_news_top
94d279fe5c989c0b0c26d3dc100015815913,8406963,20220620A037OX00,20220621A02Y0Q00,1,news_news_top
94d279fe5c989c0b0c26d3dc100015815913,8406963,20220618A09V9K00,20220621A02Y0Q00,1,news_news_top
94d279fe5c989c0b0c26d3dc100015815913,8406963,20220620A037OX00,20220621A02Y0Q00,1,news_news_top
94d279fe5c989c0b0c26d3dc100015815913,8406963,20220618A057CL00,20220621A02Y0Q00,1,news_news_top
94d279fe5c989c0b0c26d3dc100015815913,8406963,20220618A09V9K00,20220621A02Y0Q00,1,news_news_top
94d279fe5c989c0b0c26d3dc100015815913,8406963,20220618A057CL00,20220621A02Y0Q00,1,news_news_top
94d279fe5c989c0b0c26d3dc100015815913,8406963,20220618A057CL00,20220621A02Y0Q00,1,news_news_top
94d279fe5c989c0b0c26d3dc100015815913,8406963,20220620A037OX00,20220621A02Y0Q00,1,news_news_top
94d279fe5c989c0b0c26d3dc100015815913,8406963,20220618A057CL00,20220621A02Y0Q00,1,news_news_top
96c0fb4c5b4be5bd31665780000016114b13,8406963,20220621A02RBS00,20220620V056JM00,1,news_news_top
96c0fb4c5b4be5bd31665780000016114b13,8406963,20220621A033T900,20220620V056JM00,1,news_news_top
96c0fb4c5b4be5bd31665780000016114b13,8406963,20220621A02RBS00,20220620V056JM00,1,news_news_top
96c0fb4c5b4be5bd31665780000016114b13,8406963,20220621A02RBS00,20220620V056JM00,1,news_news_top
96c0fb4c5b4be5bd31665780000016114b13,8406963,20220621A02RBS00,20220620V056JM00,1,news_news_top
96c0fb4c5b4be5bd31665780000016114b13,8406963,20220621A033T900,20220620V056JM00,1,news_news_top
96c0fb4c5b4be5bd31665780000016114b13,8406963,20220621A02RBS00,20220620V056JM00,1,news_news_top
99ade1647aa0f00d4eb80937100013915203,8406963,20220620A034NW00,20220621V01UJW00,1,news_news_top
99ade1647aa0f00d4eb80937100013915203,8406963,20220620A07BXT00,20220621V01UJW00,1,news_news_top
99ade1647aa0f00d4eb80937100013915203,8406963,20220620A034NW00,20220621V01UJW00,1,news_news_top
99ade1647aa0f00d4eb80937100013915203,8406963,20220620A034NW00,20220621V01UJW00,1,news_news_top
99ade1647aa0f00d4eb80937100013915203,8406963,20220620A07BXT00,20220621V01UJW00,1,news_news_top
99ade1647aa0f00d4eb80937100013915203,8406963,20220620A07BXT00,20220621V01UJW00,1,news_news_top
99ade1647aa0f00d4eb80937100013915203,8406963,20220620A07BXT00,20220621V01UJW00,1,news_news_top
99ade1647aa0f00d4eb80937100013915203,8406963,20220620A04M6E00,20220621V01UJW00,1,news_news_top
99ade1647aa0f00d4eb80937100013915203,8406963,20220620A07BXT00,20220621V01UJW00,1,news_news_top
99ade1647aa0f00d4eb80937100013915203,8406963,20220620A07BXT00,20220621V01UJW00,1,news_news_top
99ade1647aa0f00d4eb80937100013915203,8406963,20220620A034NW00,20220621V01UJW00,1,news_news_top
99ade1647aa0f00d4eb80937100013915203,8406963,20220620A034NW00,20220621V01UJW00,1,news_news_top
99ade1647aa0f00d4eb80937100013915203,8406963,20220620A07BXT00,20220621V01UJW00,1,news_news_top
99ade1647aa0f00d4eb80937100013915203,8406963,20220620A04M6E00,20220621V01UJW00,1,news_news_top
9abe6afb4440ffd84a9a745f10001c614915,8406963,20220621A02RG400,20220621A0369700,1,news_news_top
9abe6afb4440ffd84a9a745f10001c614915,8406963,20220621A02RG400,20220621A0369700,1,news_news_top
9abe6afb4440ffd84a9a745f10001c614915,8406963,20220621A02RG400,20220621A0369700,1,news_news_top
9e5695624e8e8462f1919087000018815919,8406963,20220619A078SX00,20220620A02E3000,1,news_news_top
9e5695624e8e8462f1919087000018815919,8406963,20220619A078SX00,20220620A02E3000,1,news_news_top
9e5695624e8e8462f1919087000018815919,8406963,20220619A078SX00,20220620A02E3000,1,news_news_top
9e5695624e8e8462f1919087000018815919,8406963,20220619A078SX00,20220620A02E3000,1,news_news_top
9e5695624e8e8462f1919087000018815919,8406963,20220619A078SX00,20220620A02E3000,1,news_news_top
9e5695624e8e8462f1919087000018815919,8406963,20220619A078SX00,20220620A02E3000,1,news_news_top
a12bca5b0bb0dabd2cacdd9d100012914910,8406963,20220617A0BEN900,20220621A02XNR00,1,news_news_top
a18375c58b7c5faf2eb128ff00001dc1591e,8406963,20220620A08ZWH00,20220617A06RD000,1,news_news_top
a2e82c8dcbf180d1f30db70410001ba1630f,8406963,20220621A05AXQ00,20220621A04ORY00,1,news_news_top
a2e82c8dcbf180d1f30db70410001ba1630f,8406963,20220621A05AXQ00,20220621A04ORY00,1,news_news_top
a2e82c8dcbf180d1f30db70410001ba1630f,8406963,20220621A05AXQ00,20220621A04ORY00,1,news_news_top
a4b5cb258871baa9c462909b10001e21491e,8406963,20220620A074QH00,20220619V00XCS00,1,news_news_top
a4b5cb258871baa9c462909b10001e21491e,8406963,20220620A074QH00,20220619V00XCS00,1,news_news_top
a6176a74312ec19c6ea2667410001a114919,8406963,20220621A092M700,20220621A0BRTN00,1,news_news_top
a6176a74312ec19c6ea2667410001a114919,8406963,20220602V071P800,20220621A0BRTN00,1,news_news_top
a6176a74312ec19c6ea2667410001a114919,8406963,20220602V071P800,20220621A0BRTN00,1,news_news_top
a6176a74312ec19c6ea2667410001a114919,8406963,20220621A092M700,20220621A0BRTN00,1,news_news_top
a6176a74312ec19c6ea2667410001a114919,8406963,20220602V071P800,20220621A0BRTN00,1,news_news_top
a6176a74312ec19c6ea2667410001a114919,8406963,20220621A092M700,20220621A0BRTN00,1,news_news_top
a6176a74312ec19c6ea2667410001a114919,8406963,20220602V071P800,20220621A0BRTN00,1,news_news_top
a658713b82f3db900c2a071d00001c515519,8406963,20220620A034QS00,20220621A02RBS00,1,news_news_top
a658713b82f3db900c2a071d00001c515519,8406963,20220620A034QS00,20220621A02RBS00,1,news_news_top
a6e21059110b4000f9faa5f0000018e15a01,8406963,20220621A0B9ND00,20220621V0CIGA00,1,news_news_top
a6e21059110b4000f9faa5f0000018e15a01,8406963,20220621A0B9ND00,20220621V0CIGA00,1,news_news_top
a6e21059110b4000f9faa5f0000018e15a01,8406963,20220620A06DW800,20220621V0CIGA00,1,news_news_top
a6e21059110b4000f9faa5f0000018e15a01,8406963,20220620A09IA500,20220621V0CIGA00,1,news_news_top
a6e21059110b4000f9faa5f0000018e15a01,8406963,20220621A0B5GG00,20220621V0CIGA00,1,news_news_top
a6e21059110b4000f9faa5f0000018e15a01,8406963,20220621A0B5GG00,20220621V0CIGA00,1,news_news_top
a6e21059110b4000f9faa5f0000018e15a01,8406963,20220620A06DW800,20220621V0CIGA00,1,news_news_top
a6e21059110b4000f9faa5f0000018e15a01,8406963,20220620A09IA500,20220621V0CIGA00,1,news_news_top
a6e21059110b4000f9faa5f0000018e15a01,8406963,20220621A0B9ND00,20220621V0CIGA00,1,news_news_top
a6e21059110b4000f9faa5f0000018e15a01,8406963,20220620A09IA500,20220621V0CIGA00,1,news_news_top
a6e21059110b4000f9faa5f0000018e15a01,8406963,20220620A09IA500,20220621V0CIGA00,1,news_news_top
ae0d7ae7d9c50f4a31a4085a100016d1641e,8406963,20220620A09WED00,NEW2022062100016900,1,news_news_top
ae0d7ae7d9c50f4a31a4085a100016d1641e,8406963,20220620A09WED00,NEW2022062100016900,1,news_news_top
b15d094891b35860a4e5c98e000012114807,8406963,20220620A0B94J00,20220621A085T300,1,news_news_top
b15d094891b35860a4e5c98e000012114807,8406963,20220620A0B94J00,20220621A085T300,1,news_news_top
b15d094891b35860a4e5c98e000012114807,8406963,20220620A0B94J00,20220621A085T300,1,news_news_top
b190974645cde78892a74f5e100011415811,8406963,20220621A02RG400,20220614V02WTD00,1,news_news_top
b190974645cde78892a74f5e100011415811,8406963,20220621A02RG400,20220614V02WTD00,1,news_news_top
b190974645cde78892a74f5e100011415811,8406963,20220621A02RG400,20220614V02WTD00,1,news_news_top
b1d7c40fcd644858bb32826a100013f15511,8406963,20220618A056ZS00,20220618V063C100,1,news_news_top
b1d7c40fcd644858bb32826a100013f15511,8406963,20220618A056ZS00,20220618V063C100,1,news_news_top
b1d7c40fcd644858bb32826a100013f15511,8406963,20220618A056ZS00,20220618V063C100,1,news_news_top
b1d7c40fcd644858bb32826a100013f15511,8406963,20220618A056ZS00,20220618V063C100,1,news_news_top
b1d7c40fcd644858bb32826a100013f15511,8406963,20220618A056ZS00,20220618V063C100,1,news_news_top
b1d7c40fcd644858bb32826a100013f15511,8406963,20220618A056ZS00,20220618V063C100,1,news_news_top
b272b323796f11c8a6c7258e100017915b0e,8406963,20220615A0BIXM00,20220618V05GNE00,1,news_news_top
b272b323796f11c8a6c7258e100017915b0e,8406963,20220620A09NS200,20220618V05GNE00,1,news_news_top
b272b323796f11c8a6c7258e100017915b0e,8406963,20220615A0BIXM00,20220618V05GNE00,1,news_news_top
b272b323796f11c8a6c7258e100017915b0e,8406963,20220620A09NS200,20220618V05GNE00,1,news_news_top
b272b323796f11c8a6c7258e100017915b0e,8406963,20220620A09NS200,20220618V05GNE00,1,news_news_top
b272b323796f11c8a6c7258e100017915b0e,8406963,20220620A06GU600,20220618V05GNE00,1,news_news_top
b272b323796f11c8a6c7258e100017915b0e,8406963,20220620A09NS200,20220618V05GNE00,1,news_news_top
b57856bf353466c26e5a5f3c100010014910,8406963,20220614A08EBW00,20220618V03EOR00,1,news_news_top
b57856bf353466c26e5a5f3c100010014910,8406963,20220614A08EBW00,20220618V03EOR00,1,news_news_top
b57856bf353466c26e5a5f3c100010014910,8406963,20220618A04XO600,20220618V03EOR00,1,news_news_top
b57856bf353466c26e5a5f3c100010014910,8406963,20220614A08EBW00,20220618V03EOR00,1,news_news_top
b57856bf353466c26e5a5f3c100010014910,8406963,20220620A04O4500,20220618V03EOR00,1,news_news_top
b57856bf353466c26e5a5f3c100010014910,8406963,20220620A04O4500,20220618V03EOR00,1,news_news_top
b57856bf353466c26e5a5f3c100010014910,8406963,20220618A04XO600,20220618V03EOR00,1,news_news_top
b57856bf353466c26e5a5f3c100010014910,8406963,20220614A08EBW00,20220618V03EOR00,1,news_news_top
b57856bf353466c26e5a5f3c100010014910,8406963,20220614A08EBW00,20220618V03EOR00,1,news_news_top
b57856bf353466c26e5a5f3c100010014910,8406963,20220620A04O4500,20220618V03EOR00,1,news_news_top
b57856bf353466c26e5a5f3c100010014910,8406963,20220614A08EBW00,20220618V03EOR00,1,news_news_top
b57856bf353466c26e5a5f3c100010014910,8406963,20220620A04O4500,20220618V03EOR00,1,news_news_top
b57856bf353466c26e5a5f3c100010014910,8406963,20220614A08EBW00,20220618V03EOR00,1,news_news_top
bcc1788a20c0bdb78f1f91fe00001ab1631e,8406963,20220620A0B94J00,20220618V01TV200,1,news_news_top
bcc1788a20c0bdb78f1f91fe00001ab1631e,8406963,20220620A0B94J00,20220618V01TV200,1,news_news_top
bcc1788a20c0bdb78f1f91fe00001ab1631e,8406963,20220620A0B94J00,20220618V01TV200,1,news_news_top
c558ed78cf6b1025d71b2a9210001f71610f,8406963,20220620A096JM00,20220619V08MA100,1,news_news_top
c558ed78cf6b1025d71b2a9210001f71610f,8406963,20220620A096JM00,20220619V08MA100,1,news_news_top
c5ea3d52b0260f3aa75b79eb10001a916609,8406963,20220620A07BXT00,20220617V075A000,1,news_news_top
c5ea3d52b0260f3aa75b79eb10001a916609,8406963,20220620A07BXT00,20220617V075A000,1,news_news_top
c5ea3d52b0260f3aa75b79eb10001a916609,8406963,20220620A07BXT00,20220617V075A000,1,news_news_top
c5ea3d52b0260f3aa75b79eb10001a916609,8406963,20220620A07BXT00,20220617V075A000,1,news_news_top
c5ea3d52b0260f3aa75b79eb10001a916609,8406963,20220620A07BXT00,20220617V075A000,1,news_news_top
c5ea3d52b0260f3aa75b79eb10001a916609,8406963,20220620A07BXT00,20220617V075A000,1,news_news_top
ceb756a436b3240c32159bf1100017615716,8406963,20220620A02NDI00,20220620A04KDJ00,1,news_news_top
ceb756a436b3240c32159bf1100017615716,8406963,20220620A02NDI00,20220620A04KDJ00,1,news_news_top
d06d14dc29017eaf0ce55110100019115510,8406963,20220620A0CRYQ00,20220619A04SCO00,1,news_news_top
d06d14dc29017eaf0ce55110100019115510,8406963,20220620A0CRYQ00,20220619A04SCO00,1,news_news_top
d06d14dc29017eaf0ce55110100019115510,8406963,20220620A0CNMK00,20220619A04SCO00,1,news_news_top
d06d14dc29017eaf0ce55110100019115510,8406963,20220620A0CNMK00,20220619A04SCO00,1,news_news_top
d06d14dc29017eaf0ce55110100019115510,8406963,20220620A0CRYQ00,20220619A04SCO00,1,news_news_top
d06d14dc29017eaf0ce55110100019115510,8406963,20220620A0CNMK00,20220619A04SCO00,1,news_news_top
d0eb967bd32ced5ef1f5ea5d100011314912,8406963,20220621A05LXF00,20220621A05FFX00,1,news_news_top
d0eb967bd32ced5ef1f5ea5d100011314912,8406963,20220621A05LXF00,20220621A05FFX00,1,news_news_top
d1820e8fc6f634dbe96cc68410001fa14910,8406963,20220619A08U5P00,20220621A0C3DY00,1,news_news_top
d1820e8fc6f634dbe96cc68410001fa14910,8406963,20220619A08U5P00,20220621A0C3DY00,1,news_news_top
d1820e8fc6f634dbe96cc68410001fa14910,8406963,20220619A08U5P00,20220621A0C3DY00,1,news_news_top
d7b643fd819cdc0d59c297b8000018f1480b,8406963,20220620A0BLXX00,20220610V04WIN00,1,news_news_top
d7b643fd819cdc0d59c297b8000018f1480b,8406963,20220620A0BLXX00,20220610V04WIN00,1,news_news_top
e1d0ade1cc207fdcaf7e8794000015d14717,8406963,20220621A02RG400,20220620A074I400,1,news_news_top
e1d0ade1cc207fdcaf7e8794000015d14717,8406963,20220621V01V7J00,20220620A074I400,1,news_news_top
e1d0ade1cc207fdcaf7e8794000015d14717,8406963,20220621V01V7J00,20220620A074I400,1,news_news_top
e1d0ade1cc207fdcaf7e8794000015d14717,8406963,20220621A02RG400,20220620A074I400,1,news_news_top
e1d0ade1cc207fdcaf7e8794000015d14717,8406963,20220621A02RG400,20220620A074I400,1,news_news_top
e1d0ade1cc207fdcaf7e8794000015d14717,8406963,20220621V01V7J00,20220620A074I400,1,news_news_top
e1d0ade1cc207fdcaf7e8794000015d14717,8406963,20220621V01V7J00,20220620A074I400,1,news_news_top
e1d0ade1cc207fdcaf7e8794000015d14717,8406963,20220411A05LJA00,20220620A074I400,1,news_news_top
e1d0ade1cc207fdcaf7e8794000015d14717,8406963,20220411A05LJA00,20220620A074I400,1,news_news_top
e1d0ade1cc207fdcaf7e8794000015d14717,8406963,20220411A05LJA00,20220620A074I400,1,news_news_top
e1d0ade1cc207fdcaf7e8794000015d14717,8406963,20220621A02RG400,20220620A074I400,1,news_news_top
e1d0ade1cc207fdcaf7e8794000015d14717,8406963,20220621V01V7J00,20220620A074I400,1,news_news_top
e1d0ade1cc207fdcaf7e8794000015d14717,8406963,20220621A02RG400,20220620A074I400,1,news_news_top
e1d0ade1cc207fdcaf7e8794000015d14717,8406963,20220621V01V7J00,20220620A074I400,1,news_news_top
e1ecd2af2a8715f18f12f312000011514806,8406963,20220620A03P7I00,20220618V02LHB00,1,news_news_top
e1ecd2af2a8715f18f12f312000011514806,8406963,20220620A03P7I00,20220618V02LHB00,1,news_news_top
e1ecd2af2a8715f18f12f312000011514806,8406963,20220620A03P7I00,20220618V02LHB00,1,news_news_top
ef25aeae19b408fb4a9a560a000012614808,8406963,20220619A00CUB00,20220621V02VQI00,1,news_news_top
ef25aeae19b408fb4a9a560a000012614808,8406963,20220621A061UO00,20220621V02VQI00,1,news_news_top
ef25aeae19b408fb4a9a560a000012614808,8406963,20220621A061UO00,20220621V02VQI00,1,news_news_top
ef25aeae19b408fb4a9a560a000012614808,8406963,20220621A061UO00,20220621V02VQI00,1,news_news_top
ef25aeae19b408fb4a9a560a000012614808,8406963,20220619A00CUB00,20220621V02VQI00,1,news_news_top
ef25aeae19b408fb4a9a560a000012614808,8406963,20220621A061UO00,20220621V02VQI00,1,news_news_top
ef25aeae19b408fb4a9a560a000012614808,8406963,20220619A00CUB00,20220621V02VQI00,1,news_news_top
ef25aeae19b408fb4a9a560a000012614808,8406963,20220621A021ZP00,20220621V02VQI00,1,news_news_top
ef25aeae19b408fb4a9a560a000012614808,8406963,20220619A00CUB00,20220621V02VQI00,1,news_news_top
ef25aeae19b408fb4a9a560a000012614808,8406963,20220621A061UO00,20220621V02VQI00,1,news_news_top
ef25aeae19b408fb4a9a560a000012614808,8406963,20220621A021ZP00,20220621V02VQI00,1,news_news_top
ef25aeae19b408fb4a9a560a000012614808,8406963,20220621A061UO00,20220621V02VQI00,1,news_news_top
f21fbfa72791bb5a275e58df000011314808,8406963,20220620A09NOD00,20220621V03H9F00,1,news_news_top
f21fbfa72791bb5a275e58df000011314808,8406963,20220621A007UY00,20220621V03H9F00,1,news_news_top
f21fbfa72791bb5a275e58df000011314808,8406963,20220620A0CPH500,20220621V03H9F00,1,news_news_top
f21fbfa72791bb5a275e58df000011314808,8406963,20220619A047RI00,20220621V03H9F00,1,news_news_top
f21fbfa72791bb5a275e58df000011314808,8406963,20220620A0CPH500,20220621V03H9F00,1,news_news_top
f21fbfa72791bb5a275e58df000011314808,8406963,20220621A007UY00,20220621V03H9F00,1,news_news_top
f21fbfa72791bb5a275e58df000011314808,8406963,20220620A09NOD00,20220621V03H9F00,1,news_news_top
f21fbfa72791bb5a275e58df000011314808,8406963,20220620A09NOD00,20220621V03H9F00,1,news_news_top
f21fbfa72791bb5a275e58df000011314808,8406963,20220620A0AG8100,20220621V03H9F00,1,news_news_top
f21fbfa72791bb5a275e58df000011314808,8406963,20220621A04MCX00,20220621V03H9F00,1,news_news_top
f21fbfa72791bb5a275e58df000011314808,8406963,20220619A0302Q00,20220621V03H9F00,1,news_news_top
f21fbfa72791bb5a275e58df000011314808,8406963,20220620A03OKG00,20220621V03H9F00,1,news_news_top
f21fbfa72791bb5a275e58df000011314808,8406963,20220620A0CPH500,20220621V03H9F00,1,news_news_top
f21fbfa72791bb5a275e58df000011314808,8406963,20220620A0CPH500,20220621V03H9F00,1,news_news_top
f21fbfa72791bb5a275e58df000011314808,8406963,20220619A047RI00,20220621V03H9F00,1,news_news_top
f21fbfa72791bb5a275e58df000011314808,8406963,20220620A0CPH500,20220621V03H9F00,1,news_news_top
f21fbfa72791bb5a275e58df000011314808,8406963,20220620A03OKG00,20220621V03H9F00,1,news_news_top
f21fbfa72791bb5a275e58df000011314808,8406963,20220620A0CPH500,20220621V03H9F00,1,news_news_top
f21fbfa72791bb5a275e58df000011314808,8406963,20220621A007UY00,20220621V03H9F00,1,news_news_top
f21fbfa72791bb5a275e58df000011314808,8406963,20220620A09NOD00,20220621V03H9F00,1,news_news_top
f21fbfa72791bb5a275e58df000011314808,8406963,20220621A04MCX00,20220621V03H9F00,1,news_news_top
f21fbfa72791bb5a275e58df000011314808,8406963,20220619A047RI00,20220621V03H9F00,1,news_news_top
f21fbfa72791bb5a275e58df000011314808,8406963,20220619A0302Q00,20220621V03H9F00,1,news_news_top
f21fbfa72791bb5a275e58df000011314808,8406963,20220620A09NOD00,20220621V03H9F00,1,news_news_top
f21fbfa72791bb5a275e58df000011314808,8406963,20220620A0A3JG00,20220621V03H9F00,1,news_news_top
f21fbfa72791bb5a275e58df000011314808,8406963,20220621A007UY00,20220621V03H9F00,1,news_news_top
f21fbfa72791bb5a275e58df000011314808,8406963,20220621A007UY00,20220621V03H9F00,1,news_news_top
f21fbfa72791bb5a275e58df000011314808,8406963,20220620A0AG8100,20220621V03H9F00,1,news_news_top
f21fbfa72791bb5a275e58df000011314808,8406963,20220620A09NOD00,20220621V03H9F00,1,news_news_top
f21fbfa72791bb5a275e58df000011314808,8406963,20220620A0AG8100,20220621V03H9F00,1,news_news_top
f21fbfa72791bb5a275e58df000011314808,8406963,20220620A0A3JG00,20220621V03H9F00,1,news_news_top
f21fbfa72791bb5a275e58df000011314808,8406963,20220621A007UY00,20220621V03H9F00,1,news_news_top
f21fbfa72791bb5a275e58df000011314808,8406963,20220621A04MCX00,20220621V03H9F00,1,news_news_top
f2aac7abe55a6e8cbe34a7ca10001a415c0e,8406963,20220621A02TED00,20220621A033SO00,1,news_news_top
f2aac7abe55a6e8cbe34a7ca10001a415c0e,8406963,20220621A02TED00,20220621A033SO00,1,news_news_top
f2aac7abe55a6e8cbe34a7ca10001a415c0e,8406963,20220621A02TED00,20220621A033SO00,1,news_news_top
f53398a83d3678e39d60035610001ae14911,8406963,20220621A021ZP00,20220618V05G1800,1,news_news_top
f53398a83d3678e39d60035610001ae14911,8406963,20220621A021ZP00,20220618V05G1800,1,news_news_top
f53398a83d3678e39d60035610001ae14911,8406963,20220621A021ZP00,20220618V05G1800,1,news_news_top